0 verbose cli C:\Program Files\nodejs\node.exe C:\Users\Akash Pathak\AppData\Roaming\npm\node_modules\npm\bin\npm-cli.js
1 info using npm@10.9.2
2 info using node@v22.16.0
3 silly config load:file:C:\Users\Akash Pathak\AppData\Roaming\npm\node_modules\npm\npmrc
4 silly config load:file:C:\Users\Akash Pathak\Documents\Codex\2026-09-16\i-x20\.npmrc
5 silly config load:file:C:\Users\Akash Pathak\.npmrc
6 silly config load:file:C:\Users\Akash Pathak\AppData\Roaming\npm\etc\npmrc
7 verbose title npm install
8 verbose argv "install" "--cache" ".\\work\\npm-cache"
9 verbose logfile logs-max:10 dir:C:\Users\Akash Pathak\Documents\Codex\2026-09-16\i-x20\work\npm-cache\_logs\2026-09-16T12_45_25_316Z-
10 verbose logfile C:\Users\Akash Pathak\Documents\Codex\2026-09-16\i-x20\work\npm-cache\_logs\2026-09-16T12_45_25_316Z-debug-0.log
11 silly logfile done cleaning log files
12 silly packumentCache heap:4345298944 maxSize:1086324736 maxEntrySize:543162368
13 silly idealTree buildDeps
14 silly fetch manifest @vitejs/plugin-react@^5.0.0
15 silly packumentCache full:https://registry.npmjs.org/@vitejs%2fplugin-react cache-miss
16 http fetch GET 200 https://registry.npmjs.org/npm 234ms
17 http fetch GET 200 https://registry.npmjs.org/@vitejs%2fplugin-react 185ms (cache miss)
18 silly packumentCache full:https://registry.npmjs.org/@vitejs%2fplugin-react set size:undefined disposed:false
19 silly fetch manifest vite@^7.0.0
20 silly packumentCache full:https://registry.npmjs.org/vite cache-miss
21 http fetch GET 200 https://registry.npmjs.org/vite 1692ms (cache miss)
22 silly packumentCache full:https://registry.npmjs.org/vite set size:undefined disposed:false
23 silly fetch manifest @types/node@^20.19.0 || >=22.12.0
24 silly packumentCache full:https://registry.npmjs.org/@types%2fnode cache-miss
25 http fetch GET 200 https://registry.npmjs.org/@types%2fnode 392ms (cache miss)
26 silly packumentCache full:https://registry.npmjs.org/@types%2fnode set size:undefined disposed:false
27 silly fetch manifest jiti@>=1.21.0
28 silly packumentCache full:https://registry.npmjs.org/jiti cache-miss
29 http fetch GET 200 https://registry.npmjs.org/jiti 133ms (cache miss)
30 silly packumentCache full:https://registry.npmjs.org/jiti set size:undefined disposed:false
31 silly fetch manifest less@^4.0.0
32 silly packumentCache full:https://registry.npmjs.org/less cache-miss
33 http fetch GET 200 https://registry.npmjs.org/less 75ms (cache miss)
34 silly packumentCache full:https://registry.npmjs.org/less set size:undefined disposed:false
35 silly fetch manifest lightningcss@^1.21.0
36 silly packumentCache full:https://registry.npmjs.org/lightningcss cache-miss
37 http fetch GET 200 https://registry.npmjs.org/lightningcss 72ms (cache miss)
38 silly packumentCache full:https://registry.npmjs.org/lightningcss set size:undefined disposed:false
39 silly fetch manifest sass@^1.70.0
40 silly packumentCache full:https://registry.npmjs.org/sass cache-miss
41 http fetch GET 200 https://registry.npmjs.org/sass 219ms (cache miss)
42 silly packumentCache full:https://registry.npmjs.org/sass set size:undefined disposed:false
43 silly fetch manifest sass-embedded@^1.70.0
44 silly packumentCache full:https://registry.npmjs.org/sass-embedded cache-miss
45 http fetch GET 200 https://registry.npmjs.org/sass-embedded 983ms (cache miss)
46 silly packumentCache full:https://registry.npmjs.org/sass-embedded set size:undefined disposed:false
47 silly fetch manifest stylus@>=0.54.8
48 silly packumentCache full:https://registry.npmjs.org/stylus cache-miss
49 http fetch GET 200 https://registry.npmjs.org/stylus 83ms (cache miss)
50 silly packumentCache full:https://registry.npmjs.org/stylus set size:undefined disposed:false
51 silly fetch manifest sugarss@^5.0.0
52 silly packumentCache full:https://registry.npmjs.org/sugarss cache-miss
53 http fetch GET 200 https://registry.npmjs.org/sugarss 104ms (cache miss)
54 silly packumentCache full:https://registry.npmjs.org/sugarss set size:undefined disposed:false
55 silly fetch manifest postcss@^8.3.3
56 silly packumentCache full:https://registry.npmjs.org/postcss cache-miss
57 http fetch GET 200 https://registry.npmjs.org/postcss 105ms (cache miss)
58 silly packumentCache full:https://registry.npmjs.org/postcss set size:undefined disposed:false
59 silly fetch manifest terser@^5.16.0
60 silly packumentCache full:https://registry.npmjs.org/terser cache-miss
61 http fetch GET 200 https://registry.npmjs.org/terser 263ms (cache miss)
62 silly packumentCache full:https://registry.npmjs.org/terser set size:undefined disposed:false
63 silly fetch manifest tsx@^4.8.1
64 silly packumentCache full:https://registry.npmjs.org/tsx cache-miss
65 http fetch GET 200 https://registry.npmjs.org/tsx 162ms (cache miss)
66 silly packumentCache full:https://registry.npmjs.org/tsx set size:undefined disposed:false
67 silly fetch manifest yaml@^2.4.2
68 silly packumentCache full:https://registry.npmjs.org/yaml cache-miss
69 http fetch GET 200 https://registry.npmjs.org/yaml 198ms (cache miss)
70 silly packumentCache full:https://registry.npmjs.org/yaml set size:undefined disposed:false
71 silly fetch manifest react@^19.0.0
72 silly packumentCache full:https://registry.npmjs.org/react cache-miss
73 http fetch GET 200 https://registry.npmjs.org/react 221ms (cache miss)
74 silly packumentCache full:https://registry.npmjs.org/react set size:undefined disposed:false
75 silly fetch manifest react-dom@^19.0.0
76 silly packumentCache full:https://registry.npmjs.org/react-dom cache-miss
77 http fetch GET 200 https://registry.npmjs.org/react-dom 273ms (cache miss)
78 silly packumentCache full:https://registry.npmjs.org/react-dom set size:undefined disposed:false
79 silly placeDep ROOT @vitejs/plugin-react@5.2.0 OK for: sorry-love-letter@1.0.0 want: ^5.0.0
80 silly placeDep ROOT vite@7.3.6 OK for: @vitejs/plugin-react@5.2.0 want: ^4.2.0 || ^5.0.0 || ^6.0.0 || ^7.0.0 || ^8.0.0
81 silly placeDep ROOT react@19.3.0 OK for: sorry-love-letter@1.0.0 want: ^19.0.0
82 silly placeDep ROOT react-dom@19.3.0 OK for: sorry-love-letter@1.0.0 want: ^19.0.0
83 silly fetch manifest @babel/core@^7.29.0
84 silly packumentCache full:https://registry.npmjs.org/@babel%2fcore cache-miss
85 silly fetch manifest react-refresh@^0.18.0
86 silly packumentCache full:https://registry.npmjs.org/react-refresh cache-miss
87 silly fetch manifest @types/babel__core@^7.20.5
88 silly packumentCache full:https://registry.npmjs.org/@types%2fbabel__core cache-miss
89 silly fetch manifest @rolldown/pluginutils@1.0.0-rc.3
90 silly packumentCache full:https://registry.npmjs.org/@rolldown%2fpluginutils cache-miss
91 silly fetch manifest @babel/plugin-transform-react-jsx-self@^7.27.1
92 silly packumentCache full:https://registry.npmjs.org/@babel%2fplugin-transform-react-jsx-self cache-miss
93 silly fetch manifest @babel/plugin-transform-react-jsx-source@^7.27.1
94 silly packumentCache full:https://registry.npmjs.org/@babel%2fplugin-transform-react-jsx-source cache-miss
95 silly fetch manifest fdir@^6.5.0
96 silly packumentCache full:https://registry.npmjs.org/fdir cache-miss
97 silly fetch manifest rollup@^4.43.0
98 silly packumentCache full:https://registry.npmjs.org/rollup cache-miss
99 silly fetch manifest esbuild@^0.27.0 || ^0.28.0
100 silly packumentCache full:https://registry.npmjs.org/esbuild cache-miss
101 silly fetch manifest postcss@^8.5.6
102 silly packumentCache full:https://registry.npmjs.org/postcss cache-miss
103 silly fetch manifest picomatch@^4.0.3
104 silly packumentCache full:https://registry.npmjs.org/picomatch cache-miss
105 http cache https://registry.npmjs.org/postcss 104ms (cache hit)
106 silly packumentCache full:https://registry.npmjs.org/postcss set size:766699 disposed:false
107 silly fetch manifest tinyglobby@^0.2.15
108 silly packumentCache full:https://registry.npmjs.org/tinyglobby cache-miss
109 http fetch GET 200 https://registry.npmjs.org/@types%2fbabel__core 181ms (cache miss)
110 silly packumentCache full:https://registry.npmjs.org/@types%2fbabel__core set size:undefined disposed:false
111 silly fetch manifest fsevents@~2.3.3
112 silly packumentCache full:https://registry.npmjs.org/fsevents cache-miss
113 http fetch GET 200 https://registry.npmjs.org/tinyglobby 72ms (cache miss)
114 silly packumentCache full:https://registry.npmjs.org/tinyglobby set size:undefined disposed:false
115 silly fetch manifest scheduler@^0.28.0
116 silly packumentCache full:https://registry.npmjs.org/scheduler cache-miss
117 http fetch GET 200 https://registry.npmjs.org/fdir 196ms (cache miss)
118 silly packumentCache full:https://registry.npmjs.org/fdir set size:undefined disposed:false
119 http fetch GET 200 https://registry.npmjs.org/@babel%2fplugin-transform-react-jsx-self 209ms (cache miss)
120 silly packumentCache full:https://registry.npmjs.org/@babel%2fplugin-transform-react-jsx-self set size:undefined disposed:false
121 http fetch GET 200 https://registry.npmjs.org/@babel%2fcore 214ms (cache miss)
122 silly packumentCache full:https://registry.npmjs.org/@babel%2fcore set size:undefined disposed:false
123 http fetch GET 200 https://registry.npmjs.org/picomatch 224ms (cache miss)
124 silly packumentCache full:https://registry.npmjs.org/picomatch set size:undefined disposed:false
125 http fetch GET 200 https://registry.npmjs.org/@rolldown%2fpluginutils 239ms (cache miss)
126 silly packumentCache full:https://registry.npmjs.org/@rolldown%2fpluginutils set size:undefined disposed:false
127 http fetch GET 200 https://registry.npmjs.org/@babel%2fplugin-transform-react-jsx-source 251ms (cache miss)
128 silly packumentCache full:https://registry.npmjs.org/@babel%2fplugin-transform-react-jsx-source set size:undefined disposed:false
129 http fetch GET 200 https://registry.npmjs.org/fsevents 85ms (cache miss)
130 silly packumentCache full:https://registry.npmjs.org/fsevents set size:undefined disposed:false
131 http fetch GET 200 https://registry.npmjs.org/esbuild 303ms (cache miss)
132 silly packumentCache full:https://registry.npmjs.org/esbuild set size:undefined disposed:false
133 http fetch GET 200 https://registry.npmjs.org/react-refresh 402ms (cache miss)
134 silly packumentCache full:https://registry.npmjs.org/react-refresh set size:undefined disposed:false
135 http fetch GET 200 https://registry.npmjs.org/rollup 473ms (cache miss)
136 silly packumentCache full:https://registry.npmjs.org/rollup set size:undefined disposed:false
137 http fetch GET 200 https://registry.npmjs.org/scheduler 926ms (cache miss)
138 silly packumentCache full:https://registry.npmjs.org/scheduler set size:undefined disposed:false
139 silly placeDep ROOT @babel/core@7.29.7 OK for: @vitejs/plugin-react@5.2.0 want: ^7.29.0
140 silly placeDep ROOT @babel/plugin-transform-react-jsx-self@7.29.7 OK for: @vitejs/plugin-react@5.2.0 want: ^7.27.1
141 silly placeDep ROOT @babel/plugin-transform-react-jsx-source@7.29.7 OK for: @vitejs/plugin-react@5.2.0 want: ^7.27.1
142 silly placeDep ROOT @rolldown/pluginutils@1.0.0-rc.3 OK for: @vitejs/plugin-react@5.2.0 want: 1.0.0-rc.3
143 silly placeDep ROOT @types/babel__core@7.20.5 OK for: @vitejs/plugin-react@5.2.0 want: ^7.20.5
144 silly placeDep ROOT react-refresh@0.18.0 OK for: @vitejs/plugin-react@5.2.0 want: ^0.18.0
145 silly fetch manifest debug@^4.1.0
146 silly packumentCache full:https://registry.npmjs.org/debug cache-miss
147 silly fetch manifest json5@^2.2.3
148 silly packumentCache full:https://registry.npmjs.org/json5 cache-miss
149 silly fetch manifest semver@^6.3.1
150 silly packumentCache full:https://registry.npmjs.org/semver cache-miss
151 silly fetch manifest gensync@^1.0.0-beta.2
152 silly packumentCache full:https://registry.npmjs.org/gensync cache-miss
153 silly fetch manifest @babel/types@^7.29.7
154 silly packumentCache full:https://registry.npmjs.org/@babel%2ftypes cache-miss
155 silly fetch manifest @babel/parser@^7.29.7
156 silly packumentCache full:https://registry.npmjs.org/@babel%2fparser cache-miss
157 silly fetch manifest @babel/helpers@^7.29.7
158 silly packumentCache full:https://registry.npmjs.org/@babel%2fhelpers cache-miss
159 silly fetch manifest @babel/template@^7.29.7
160 silly packumentCache full:https://registry.npmjs.org/@babel%2ftemplate cache-miss
161 silly fetch manifest @babel/traverse@^7.29.7
162 silly packumentCache full:https://registry.npmjs.org/@babel%2ftraverse cache-miss
163 silly fetch manifest @babel/generator@^7.29.7
164 silly packumentCache full:https://registry.npmjs.org/@babel%2fgenerator cache-miss
165 silly fetch manifest @babel/code-frame@^7.29.7
166 silly packumentCache full:https://registry.npmjs.org/@babel%2fcode-frame cache-miss
167 http fetch GET 200 https://registry.npmjs.org/gensync 77ms (cache miss)
168 silly packumentCache full:https://registry.npmjs.org/gensync set size:undefined disposed:false
169 silly fetch manifest convert-source-map@^2.0.0
170 silly packumentCache full:https://registry.npmjs.org/convert-source-map cache-miss
171 http fetch GET 200 https://registry.npmjs.org/semver 94ms (cache miss)
172 silly packumentCache full:https://registry.npmjs.org/semver set size:undefined disposed:false
173 silly fetch manifest @jridgewell/remapping@^2.3.5
174 silly packumentCache full:https://registry.npmjs.org/@jridgewell%2fremapping cache-miss
175 http fetch GET 200 https://registry.npmjs.org/debug 98ms (cache miss)
176 silly packumentCache full:https://registry.npmjs.org/debug set size:undefined disposed:false
177 silly fetch manifest @babel/helper-module-transforms@^7.29.7
178 silly packumentCache full:https://registry.npmjs.org/@babel%2fhelper-module-transforms cache-miss
179 http fetch GET 200 https://registry.npmjs.org/json5 113ms (cache miss)
180 silly packumentCache full:https://registry.npmjs.org/json5 set size:undefined disposed:false
181 silly fetch manifest @babel/helper-compilation-targets@^7.29.7
182 silly packumentCache full:https://registry.npmjs.org/@babel%2fhelper-compilation-targets cache-miss
183 http fetch GET 200 https://registry.npmjs.org/@babel%2ftemplate 126ms (cache miss)
184 silly packumentCache full:https://registry.npmjs.org/@babel%2ftemplate set size:undefined disposed:false
185 silly fetch manifest @babel/helper-plugin-utils@^7.29.7
186 silly packumentCache full:https://registry.npmjs.org/@babel%2fhelper-plugin-utils cache-miss
187 http fetch GET 200 https://registry.npmjs.org/@babel%2fhelpers 134ms (cache miss)
188 silly packumentCache full:https://registry.npmjs.org/@babel%2fhelpers set size:undefined disposed:false
189 silly fetch manifest @babel/helper-plugin-utils@^7.29.7
190 silly packumentCache full:https://registry.npmjs.org/@babel%2fhelper-plugin-utils cache-miss
191 http fetch GET 200 https://registry.npmjs.org/@babel%2ftypes 139ms (cache miss)
192 silly packumentCache full:https://registry.npmjs.org/@babel%2ftypes set size:undefined disposed:false
193 silly fetch manifest @babel/types@^7.20.7
194 silly packumentCache full:https://registry.npmjs.org/@babel%2ftypes cache-miss
195 http fetch GET 200 https://registry.npmjs.org/@babel%2ftraverse 148ms (cache miss)
196 silly packumentCache full:https://registry.npmjs.org/@babel%2ftraverse set size:undefined disposed:false
197 silly fetch manifest @babel/parser@^7.20.7
198 silly packumentCache full:https://registry.npmjs.org/@babel%2fparser cache-miss
199 http fetch GET 200 https://registry.npmjs.org/@babel%2fgenerator 167ms (cache miss)
200 silly packumentCache full:https://registry.npmjs.org/@babel%2fgenerator set size:undefined disposed:false
201 silly fetch manifest @types/babel__template@*
202 silly packumentCache full:https://registry.npmjs.org/@types%2fbabel__template cache-miss
203 http fetch GET 200 https://registry.npmjs.org/@babel%2fparser 185ms (cache miss)
204 silly packumentCache full:https://registry.npmjs.org/@babel%2fparser set size:undefined disposed:false
205 silly fetch manifest @types/babel__traverse@*
206 silly packumentCache full:https://registry.npmjs.org/@types%2fbabel__traverse cache-miss
207 http cache https://registry.npmjs.org/@babel%2ftypes 56ms (cache hit)
208 silly packumentCache full:https://registry.npmjs.org/@babel%2ftypes set size:505250 disposed:false
209 silly fetch manifest @types/babel__generator@*
210 silly packumentCache full:https://registry.npmjs.org/@types%2fbabel__generator cache-miss
211 http fetch GET 200 https://registry.npmjs.org/convert-source-map 133ms (cache miss)
212 silly packumentCache full:https://registry.npmjs.org/convert-source-map set size:undefined disposed:false
213 http fetch GET 200 https://registry.npmjs.org/@jridgewell%2fremapping 120ms (cache miss)
214 silly packumentCache full:https://registry.npmjs.org/@jridgewell%2fremapping set size:undefined disposed:false
215 http fetch GET 200 https://registry.npmjs.org/@babel%2fcode-frame 225ms (cache miss)
216 silly packumentCache full:https://registry.npmjs.org/@babel%2fcode-frame set size:undefined disposed:false
217 http fetch GET 200 https://registry.npmjs.org/@babel%2fhelper-compilation-targets 119ms (cache miss)
218 silly packumentCache full:https://registry.npmjs.org/@babel%2fhelper-compilation-targets set size:undefined disposed:false
219 http fetch GET 200 https://registry.npmjs.org/@babel%2fhelper-module-transforms 143ms (cache miss)
220 silly packumentCache full:https://registry.npmjs.org/@babel%2fhelper-module-transforms set size:undefined disposed:false
221 http fetch GET 200 https://registry.npmjs.org/@types%2fbabel__template 74ms (cache miss)
222 silly packumentCache full:https://registry.npmjs.org/@types%2fbabel__template set size:undefined disposed:false
223 http fetch GET 200 https://registry.npmjs.org/@babel%2fhelper-plugin-utils 120ms (cache miss)
224 silly packumentCache full:https://registry.npmjs.org/@babel%2fhelper-plugin-utils set size:undefined disposed:false
225 http fetch GET 200 https://registry.npmjs.org/@babel%2fhelper-plugin-utils 115ms (cache miss)
226 silly packumentCache full:https://registry.npmjs.org/@babel%2fhelper-plugin-utils set size:undefined disposed:false
227 http fetch GET 200 https://registry.npmjs.org/@babel%2fparser 124ms (cache miss)
228 silly packumentCache full:https://registry.npmjs.org/@babel%2fparser set size:undefined disposed:false
229 http fetch GET 200 https://registry.npmjs.org/@types%2fbabel__traverse 94ms (cache miss)
230 silly packumentCache full:https://registry.npmjs.org/@types%2fbabel__traverse set size:undefined disposed:false
231 http fetch GET 200 https://registry.npmjs.org/@types%2fbabel__generator 87ms (cache miss)
232 silly packumentCache full:https://registry.npmjs.org/@types%2fbabel__generator set size:undefined disposed:false
233 silly fetch manifest @babel/core@^7.0.0
234 silly packumentCache full:https://registry.npmjs.org/@babel%2fcore cache-miss
235 http cache https://registry.npmjs.org/@babel%2fcore 10ms (cache hit)
236 silly packumentCache full:https://registry.npmjs.org/@babel%2fcore set size:792733 disposed:false
237 silly placeDep ROOT @babel/code-frame@7.29.7 OK for: @babel/core@7.29.7 want: ^7.29.7
238 silly placeDep ROOT @babel/generator@7.29.8 OK for: @babel/core@7.29.7 want: ^7.29.7
239 silly placeDep ROOT @babel/helper-compilation-targets@7.29.7 OK for: @babel/core@7.29.7 want: ^7.29.7
240 silly placeDep ROOT @babel/helper-module-transforms@7.29.7 OK for: @babel/core@7.29.7 want: ^7.29.7
241 silly placeDep ROOT @babel/helpers@7.29.7 OK for: @babel/core@7.29.7 want: ^7.29.7
242 silly placeDep ROOT @babel/parser@7.29.8 OK for: @babel/core@7.29.7 want: ^7.29.7
243 silly placeDep ROOT @babel/template@7.29.7 OK for: @babel/core@7.29.7 want: ^7.29.7
244 silly placeDep ROOT @babel/traverse@7.29.8 OK for: @babel/core@7.29.7 want: ^7.29.7
245 silly placeDep ROOT @babel/types@7.29.8 OK for: @babel/core@7.29.7 want: ^7.29.7
246 silly placeDep ROOT @jridgewell/remapping@2.3.5 OK for: @babel/core@7.29.7 want: ^2.3.5
247 silly placeDep ROOT convert-source-map@2.0.0 OK for: @babel/core@7.29.7 want: ^2.0.0
248 silly placeDep ROOT debug@4.4.3 OK for: @babel/core@7.29.7 want: ^4.1.0
249 silly placeDep ROOT gensync@1.0.0-beta.2 OK for: @babel/core@7.29.7 want: ^1.0.0-beta.2
250 silly placeDep ROOT json5@2.2.3 OK for: @babel/core@7.29.7 want: ^2.2.3
251 silly placeDep ROOT semver@6.3.1 OK for: @babel/core@7.29.7 want: ^6.3.1
252 silly fetch manifest js-tokens@^4.0.0
253 silly packumentCache full:https://registry.npmjs.org/js-tokens cache-miss
254 silly fetch manifest picocolors@^1.1.1
255 silly packumentCache full:https://registry.npmjs.org/picocolors cache-miss
256 silly fetch manifest @babel/helper-validator-identifier@^7.29.7
257 silly packumentCache full:https://registry.npmjs.org/@babel%2fhelper-validator-identifier cache-miss
258 silly fetch manifest jsesc@^3.0.2
259 silly packumentCache full:https://registry.npmjs.org/jsesc cache-miss
260 silly fetch manifest @babel/types@^7.29.8
261 silly packumentCache full:https://registry.npmjs.org/@babel%2ftypes cache-hit
262 silly fetch manifest @babel/parser@^7.29.8
263 silly packumentCache full:https://registry.npmjs.org/@babel%2fparser cache-miss
264 silly fetch manifest @jridgewell/gen-mapping@^0.3.12
265 silly packumentCache full:https://registry.npmjs.org/@jridgewell%2fgen-mapping cache-miss
266 silly fetch manifest @jridgewell/trace-mapping@^0.3.28
267 silly packumentCache full:https://registry.npmjs.org/@jridgewell%2ftrace-mapping cache-miss
268 silly fetch manifest lru-cache@^5.1.1
269 silly packumentCache full:https://registry.npmjs.org/lru-cache cache-miss
270 silly fetch manifest browserslist@^4.24.0
271 silly packumentCache full:https://registry.npmjs.org/browserslist cache-miss
272 silly fetch manifest @babel/compat-data@^7.29.7
273 silly packumentCache full:https://registry.npmjs.org/@babel%2fcompat-data cache-miss
274 silly fetch manifest @babel/helper-validator-option@^7.29.7
275 silly packumentCache full:https://registry.npmjs.org/@babel%2fhelper-validator-option cache-miss
276 http cache https://registry.npmjs.org/@babel%2fparser 20ms (cache hit)
277 silly packumentCache full:https://registry.npmjs.org/@babel%2fparser set size:740578 disposed:false
278 silly fetch manifest @babel/helper-module-imports@^7.29.7
279 silly packumentCache full:https://registry.npmjs.org/@babel%2fhelper-module-imports cache-miss
280 http fetch GET 200 https://registry.npmjs.org/picocolors 93ms (cache miss)
281 silly packumentCache full:https://registry.npmjs.org/picocolors set size:undefined disposed:false
282 silly fetch manifest @babel/helper-validator-identifier@^7.29.7
283 silly packumentCache full:https://registry.npmjs.org/@babel%2fhelper-validator-identifier cache-miss
284 http fetch GET 200 https://registry.npmjs.org/@babel%2fhelper-validator-identifier 103ms (cache miss)
285 silly packumentCache full:https://registry.npmjs.org/@babel%2fhelper-validator-identifier set size:undefined disposed:false
286 silly fetch manifest debug@^4.3.1
287 silly packumentCache full:https://registry.npmjs.org/debug cache-miss
288 http fetch GET 200 https://registry.npmjs.org/jsesc 108ms (cache miss)
289 silly packumentCache full:https://registry.npmjs.org/jsesc set size:undefined disposed:false
290 silly fetch manifest @babel/helper-globals@^7.29.7
291 silly packumentCache full:https://registry.npmjs.org/@babel%2fhelper-globals cache-miss
292 http fetch GET 200 https://registry.npmjs.org/@babel%2fhelper-validator-option 110ms (cache miss)
293 silly packumentCache full:https://registry.npmjs.org/@babel%2fhelper-validator-option set size:undefined disposed:false
294 silly fetch manifest @babel/helper-string-parser@^7.29.7
295 silly packumentCache full:https://registry.npmjs.org/@babel%2fhelper-string-parser cache-miss
296 http fetch GET 200 https://registry.npmjs.org/js-tokens 120ms (cache miss)
297 silly packumentCache full:https://registry.npmjs.org/js-tokens set size:undefined disposed:false
298 silly fetch manifest @jridgewell/gen-mapping@^0.3.5
299 silly packumentCache full:https://registry.npmjs.org/@jridgewell%2fgen-mapping cache-miss
300 http fetch GET 200 https://registry.npmjs.org/@jridgewell%2fgen-mapping 122ms (cache miss)
301 silly packumentCache full:https://registry.npmjs.org/@jridgewell%2fgen-mapping set size:undefined disposed:false
302 silly fetch manifest @jridgewell/trace-mapping@^0.3.24
303 silly packumentCache full:https://registry.npmjs.org/@jridgewell%2ftrace-mapping cache-miss
304 http fetch GET 200 https://registry.npmjs.org/@jridgewell%2ftrace-mapping 127ms (cache miss)
305 silly packumentCache full:https://registry.npmjs.org/@jridgewell%2ftrace-mapping set size:undefined disposed:false
306 silly fetch manifest ms@^2.1.3
307 silly packumentCache full:https://registry.npmjs.org/ms cache-miss
308 http fetch GET 200 https://registry.npmjs.org/lru-cache 140ms (cache miss)
309 silly packumentCache full:https://registry.npmjs.org/lru-cache set size:undefined disposed:false
310 http cache https://registry.npmjs.org/debug 44ms (cache hit)
311 silly packumentCache full:https://registry.npmjs.org/debug set size:195840 disposed:false
312 http fetch GET 200 https://registry.npmjs.org/@babel%2fcompat-data 153ms (cache miss)
313 silly packumentCache full:https://registry.npmjs.org/@babel%2fcompat-data set size:undefined disposed:false
314 http cache https://registry.npmjs.org/@jridgewell%2fgen-mapping 42ms (cache hit)
315 silly packumentCache full:https://registry.npmjs.org/@jridgewell%2fgen-mapping set size:75941 disposed:false
316 http cache https://registry.npmjs.org/@jridgewell%2ftrace-mapping 44ms (cache hit)
317 silly packumentCache full:https://registry.npmjs.org/@jridgewell%2ftrace-mapping set size:170909 disposed:false
318 http fetch GET 200 https://registry.npmjs.org/browserslist 174ms (cache miss)
319 silly packumentCache full:https://registry.npmjs.org/browserslist set size:undefined disposed:false
320 http fetch GET 200 https://registry.npmjs.org/@babel%2fhelper-validator-identifier 91ms (cache miss)
321 silly packumentCache full:https://registry.npmjs.org/@babel%2fhelper-validator-identifier set size:undefined disposed:false
322 http fetch GET 200 https://registry.npmjs.org/@babel%2fhelper-globals 78ms (cache miss)
323 silly packumentCache full:https://registry.npmjs.org/@babel%2fhelper-globals set size:undefined disposed:false
324 http fetch GET 200 https://registry.npmjs.org/ms 62ms (cache miss)
325 silly packumentCache full:https://registry.npmjs.org/ms set size:undefined disposed:false
326 http fetch GET 200 https://registry.npmjs.org/@babel%2fhelper-string-parser 81ms (cache miss)
327 silly packumentCache full:https://registry.npmjs.org/@babel%2fhelper-string-parser set size:undefined disposed:false
328 http fetch GET 200 https://registry.npmjs.org/@babel%2fhelper-module-imports 428ms (cache miss)
329 silly packumentCache full:https://registry.npmjs.org/@babel%2fhelper-module-imports set size:undefined disposed:false
330 silly placeDep ROOT @babel/helper-validator-identifier@7.29.7 OK for: @babel/code-frame@7.29.7 want: ^7.29.7
331 silly placeDep ROOT js-tokens@4.0.0 OK for: @babel/code-frame@7.29.7 want: ^4.0.0
332 silly placeDep ROOT picocolors@1.1.1 OK for: @babel/code-frame@7.29.7 want: ^1.1.1
333 silly placeDep ROOT @jridgewell/gen-mapping@0.3.13 OK for: @babel/generator@7.29.8 want: ^0.3.12
334 silly placeDep ROOT @jridgewell/trace-mapping@0.3.31 OK for: @babel/generator@7.29.8 want: ^0.3.28
335 silly placeDep ROOT jsesc@3.1.0 OK for: @babel/generator@7.29.8 want: ^3.0.2
336 silly fetch manifest @jridgewell/sourcemap-codec@^1.5.0
337 silly packumentCache full:https://registry.npmjs.org/@jridgewell%2fsourcemap-codec cache-miss
338 silly fetch manifest @jridgewell/resolve-uri@^3.1.0
339 silly packumentCache full:https://registry.npmjs.org/@jridgewell%2fresolve-uri cache-miss
340 silly fetch manifest @jridgewell/sourcemap-codec@^1.4.14
341 silly packumentCache full:https://registry.npmjs.org/@jridgewell%2fsourcemap-codec cache-miss
342 http fetch GET 200 https://registry.npmjs.org/@jridgewell%2fresolve-uri 167ms (cache miss)
343 silly packumentCache full:https://registry.npmjs.org/@jridgewell%2fresolve-uri set size:undefined disposed:false
344 http fetch GET 200 https://registry.npmjs.org/@jridgewell%2fsourcemap-codec 172ms (cache miss)
345 silly packumentCache full:https://registry.npmjs.org/@jridgewell%2fsourcemap-codec set size:undefined disposed:false
346 http fetch GET 200 https://registry.npmjs.org/@jridgewell%2fsourcemap-codec 175ms (cache miss)
347 silly packumentCache full:https://registry.npmjs.org/@jridgewell%2fsourcemap-codec set size:undefined disposed:false
348 silly placeDep ROOT @babel/compat-data@7.29.7 OK for: @babel/helper-compilation-targets@7.29.7 want: ^7.29.7
349 silly placeDep ROOT @babel/helper-validator-option@7.29.7 OK for: @babel/helper-compilation-targets@7.29.7 want: ^7.29.7
350 silly placeDep ROOT browserslist@4.29.0 OK for: @babel/helper-compilation-targets@7.29.7 want: ^4.24.0
351 silly placeDep ROOT lru-cache@5.1.1 OK for: @babel/helper-compilation-targets@7.29.7 want: ^5.1.1
352 silly fetch manifest caniuse-lite@^1.0.30001810
353 silly packumentCache full:https://registry.npmjs.org/caniuse-lite cache-miss
354 silly fetch manifest node-releases@^2.0.55
355 silly packumentCache full:https://registry.npmjs.org/node-releases cache-miss
356 silly fetch manifest electron-to-chromium@^1.5.427
357 silly packumentCache full:https://registry.npmjs.org/electron-to-chromium cache-miss
358 silly fetch manifest update-browserslist-db@^1.3.3
359 silly packumentCache full:https://registry.npmjs.org/update-browserslist-db cache-miss
360 silly fetch manifest baseline-browser-mapping@^2.11.23
361 silly packumentCache full:https://registry.npmjs.org/baseline-browser-mapping cache-miss
362 silly fetch manifest yallist@^3.0.2
363 silly packumentCache full:https://registry.npmjs.org/yallist cache-miss
364 http fetch GET 200 https://registry.npmjs.org/update-browserslist-db 59ms (cache miss)
365 silly packumentCache full:https://registry.npmjs.org/update-browserslist-db set size:undefined disposed:false
366 http fetch GET 200 https://registry.npmjs.org/yallist 63ms (cache miss)
367 silly packumentCache full:https://registry.npmjs.org/yallist set size:undefined disposed:false
368 http fetch GET 200 https://registry.npmjs.org/node-releases 77ms (cache miss)
369 silly packumentCache full:https://registry.npmjs.org/node-releases set size:undefined disposed:false
370 http fetch GET 200 https://registry.npmjs.org/baseline-browser-mapping 81ms (cache miss)
371 silly packumentCache full:https://registry.npmjs.org/baseline-browser-mapping set size:undefined disposed:false
372 http fetch GET 200 https://registry.npmjs.org/caniuse-lite 153ms (cache miss)
373 silly packumentCache full:https://registry.npmjs.org/caniuse-lite set size:undefined disposed:false
374 http fetch GET 200 https://registry.npmjs.org/electron-to-chromium 185ms (cache miss)
375 silly packumentCache full:https://registry.npmjs.org/electron-to-chromium set size:undefined disposed:false
376 silly placeDep ROOT @babel/helper-module-imports@7.29.7 OK for: @babel/helper-module-transforms@7.29.7 want: ^7.29.7
377 silly placeDep ROOT @babel/helper-plugin-utils@7.29.7 OK for: @babel/plugin-transform-react-jsx-self@7.29.7 want: ^7.29.7
378 silly placeDep ROOT @babel/helper-globals@7.29.7 OK for: @babel/traverse@7.29.8 want: ^7.29.7
379 silly placeDep ROOT @babel/helper-string-parser@7.29.7 OK for: @babel/types@7.29.8 want: ^7.29.7
380 silly placeDep ROOT @jridgewell/sourcemap-codec@1.6.0 OK for: @jridgewell/gen-mapping@0.3.13 want: ^1.5.0
381 silly placeDep ROOT @jridgewell/resolve-uri@3.1.2 OK for: @jridgewell/trace-mapping@0.3.31 want: ^3.1.0
382 silly placeDep ROOT @types/babel__generator@7.27.0 OK for: @types/babel__core@7.20.5 want: *
383 silly placeDep ROOT @types/babel__template@7.4.4 OK for: @types/babel__core@7.20.5 want: *
384 silly placeDep ROOT @types/babel__traverse@7.28.0 OK for: @types/babel__core@7.20.5 want: *
385 silly fetch manifest browserslist@>= 4.21.0
386 silly packumentCache full:https://registry.npmjs.org/browserslist cache-miss
387 http cache https://registry.npmjs.org/browserslist 10ms (cache hit)
388 silly packumentCache full:https://registry.npmjs.org/browserslist set size:523370 disposed:false
389 silly placeDep ROOT baseline-browser-mapping@2.11.24 OK for: browserslist@4.29.0 want: ^2.11.23
390 silly placeDep ROOT caniuse-lite@1.0.30001810 OK for: browserslist@4.29.0 want: ^1.0.30001810
391 silly placeDep ROOT electron-to-chromium@1.5.430 OK for: browserslist@4.29.0 want: ^1.5.427
392 silly placeDep ROOT node-releases@2.0.55 OK for: browserslist@4.29.0 want: ^2.0.55
393 silly placeDep ROOT update-browserslist-db@1.3.3 OK for: browserslist@4.29.0 want: ^1.3.3
394 silly fetch manifest escalade@^3.2.0
395 silly packumentCache full:https://registry.npmjs.org/escalade cache-miss
396 http fetch GET 200 https://registry.npmjs.org/escalade 223ms (cache miss)
397 silly packumentCache full:https://registry.npmjs.org/escalade set size:undefined disposed:false
398 silly placeDep ROOT ms@2.1.3 OK for: debug@4.4.3 want: ^2.1.3
399 silly placeDep ROOT yallist@3.1.1 OK for: lru-cache@5.1.1 want: ^3.0.2
400 silly placeDep ROOT scheduler@0.28.0 OK for: react-dom@19.3.0 want: ^0.28.0
401 silly placeDep ROOT escalade@3.2.0 OK for: update-browserslist-db@1.3.3 want: ^3.2.0
402 silly placeDep ROOT esbuild@0.28.2 OK for: vite@7.3.6 want: ^0.27.0 || ^0.28.0
403 silly placeDep ROOT fdir@6.5.0 OK for: vite@7.3.6 want: ^6.5.0
404 silly placeDep ROOT fsevents@2.3.3 OK for: vite@7.3.6 want: ~2.3.3
405 silly placeDep ROOT picomatch@4.0.7 OK for: vite@7.3.6 want: ^4.0.3
406 silly placeDep ROOT postcss@8.5.28 OK for: vite@7.3.6 want: ^8.5.6
407 silly placeDep ROOT rollup@4.63.3 OK for: vite@7.3.6 want: ^4.43.0
408 silly placeDep ROOT tinyglobby@0.2.17 OK for: vite@7.3.6 want: ^0.2.15
409 silly fetch manifest @esbuild/aix-ppc64@0.28.2
410 silly packumentCache full:https://registry.npmjs.org/@esbuild%2faix-ppc64 cache-miss
411 silly fetch manifest @esbuild/linux-arm@0.28.2
412 silly packumentCache full:https://registry.npmjs.org/@esbuild%2flinux-arm cache-miss
413 silly fetch manifest @esbuild/linux-x64@0.28.2
414 silly packumentCache full:https://registry.npmjs.org/@esbuild%2flinux-x64 cache-miss
415 silly fetch manifest @esbuild/sunos-x64@0.28.2
416 silly packumentCache full:https://registry.npmjs.org/@esbuild%2fsunos-x64 cache-miss
417 silly fetch manifest @esbuild/win32-x64@0.28.2
418 silly packumentCache full:https://registry.npmjs.org/@esbuild%2fwin32-x64 cache-miss
419 silly fetch manifest @esbuild/darwin-x64@0.28.2
420 silly packumentCache full:https://registry.npmjs.org/@esbuild%2fdarwin-x64 cache-miss
421 silly fetch manifest @esbuild/linux-ia32@0.28.2
422 silly packumentCache full:https://registry.npmjs.org/@esbuild%2flinux-ia32 cache-miss
423 silly fetch manifest @esbuild/netbsd-x64@0.28.2
424 silly packumentCache full:https://registry.npmjs.org/@esbuild%2fnetbsd-x64 cache-miss
425 silly fetch manifest @esbuild/win32-ia32@0.28.2
426 silly packumentCache full:https://registry.npmjs.org/@esbuild%2fwin32-ia32 cache-miss
427 silly fetch manifest @esbuild/android-arm@0.28.2
428 silly packumentCache full:https://registry.npmjs.org/@esbuild%2fandroid-arm cache-miss
429 silly fetch manifest @esbuild/android-x64@0.28.2
430 silly packumentCache full:https://registry.npmjs.org/@esbuild%2fandroid-x64 cache-miss
431 http fetch GET 200 https://registry.npmjs.org/@esbuild%2fdarwin-x64 220ms (cache miss)
432 silly packumentCache full:https://registry.npmjs.org/@esbuild%2fdarwin-x64 set size:undefined disposed:false
433 silly fetch manifest @esbuild/freebsd-x64@0.28.2
434 silly packumentCache full:https://registry.npmjs.org/@esbuild%2ffreebsd-x64 cache-miss
435 http fetch GET 200 https://registry.npmjs.org/@esbuild%2flinux-ia32 222ms (cache miss)
436 silly packumentCache full:https://registry.npmjs.org/@esbuild%2flinux-ia32 set size:undefined disposed:false
437 silly fetch manifest @esbuild/linux-arm64@0.28.2
438 silly packumentCache full:https://registry.npmjs.org/@esbuild%2flinux-arm64 cache-miss
439 http fetch GET 200 https://registry.npmjs.org/@esbuild%2faix-ppc64 229ms (cache miss)
440 silly packumentCache full:https://registry.npmjs.org/@esbuild%2faix-ppc64 set size:undefined disposed:false
441 silly fetch manifest @esbuild/linux-ppc64@0.28.2
442 silly packumentCache full:https://registry.npmjs.org/@esbuild%2flinux-ppc64 cache-miss
443 http fetch GET 200 https://registry.npmjs.org/@esbuild%2fsunos-x64 235ms (cache miss)
444 silly packumentCache full:https://registry.npmjs.org/@esbuild%2fsunos-x64 set size:undefined disposed:false
445 silly fetch manifest @esbuild/linux-s390x@0.28.2
446 silly packumentCache full:https://registry.npmjs.org/@esbuild%2flinux-s390x cache-miss
447 http fetch GET 200 https://registry.npmjs.org/@esbuild%2fnetbsd-x64 237ms (cache miss)
448 silly packumentCache full:https://registry.npmjs.org/@esbuild%2fnetbsd-x64 set size:undefined disposed:false
449 silly fetch manifest @esbuild/openbsd-x64@0.28.2
450 silly packumentCache full:https://registry.npmjs.org/@esbuild%2fopenbsd-x64 cache-miss
451 http fetch GET 200 https://registry.npmjs.org/@esbuild%2fandroid-x64 241ms (cache miss)
452 silly packumentCache full:https://registry.npmjs.org/@esbuild%2fandroid-x64 set size:undefined disposed:false
453 silly fetch manifest @esbuild/win32-arm64@0.28.2
454 silly packumentCache full:https://registry.npmjs.org/@esbuild%2fwin32-arm64 cache-miss
455 http fetch GET 200 https://registry.npmjs.org/@esbuild%2fwin32-ia32 248ms (cache miss)
456 silly packumentCache full:https://registry.npmjs.org/@esbuild%2fwin32-ia32 set size:undefined disposed:false
457 silly fetch manifest @esbuild/darwin-arm64@0.28.2
458 silly packumentCache full:https://registry.npmjs.org/@esbuild%2fdarwin-arm64 cache-miss
459 http fetch GET 200 https://registry.npmjs.org/@esbuild%2fopenbsd-x64 129ms (cache miss)
460 silly packumentCache full:https://registry.npmjs.org/@esbuild%2fopenbsd-x64 set size:undefined disposed:false
461 silly fetch manifest @esbuild/netbsd-arm64@0.28.2
462 silly packumentCache full:https://registry.npmjs.org/@esbuild%2fnetbsd-arm64 cache-miss
463 http fetch GET 200 https://registry.npmjs.org/@esbuild%2ffreebsd-x64 152ms (cache miss)
464 silly packumentCache full:https://registry.npmjs.org/@esbuild%2ffreebsd-x64 set size:undefined disposed:false
465 silly fetch manifest @esbuild/android-arm64@0.28.2
466 silly packumentCache full:https://registry.npmjs.org/@esbuild%2fandroid-arm64 cache-miss
467 http fetch GET 200 https://registry.npmjs.org/@esbuild%2flinux-s390x 142ms (cache miss)
468 silly packumentCache full:https://registry.npmjs.org/@esbuild%2flinux-s390x set size:undefined disposed:false
469 silly fetch manifest @esbuild/freebsd-arm64@0.28.2
470 silly packumentCache full:https://registry.npmjs.org/@esbuild%2ffreebsd-arm64 cache-miss
471 http fetch GET 200 https://registry.npmjs.org/@esbuild%2fdarwin-arm64 134ms (cache miss)
472 silly packumentCache full:https://registry.npmjs.org/@esbuild%2fdarwin-arm64 set size:undefined disposed:false
473 silly fetch manifest @esbuild/linux-loong64@0.28.2
474 silly packumentCache full:https://registry.npmjs.org/@esbuild%2flinux-loong64 cache-miss
475 http fetch GET 200 https://registry.npmjs.org/@esbuild%2fwin32-arm64 142ms (cache miss)
476 silly packumentCache full:https://registry.npmjs.org/@esbuild%2fwin32-arm64 set size:undefined disposed:false
477 silly fetch manifest @esbuild/linux-riscv64@0.28.2
478 silly packumentCache full:https://registry.npmjs.org/@esbuild%2flinux-riscv64 cache-miss
479 http fetch GET 200 https://registry.npmjs.org/@esbuild%2flinux-arm64 168ms (cache miss)
480 silly packumentCache full:https://registry.npmjs.org/@esbuild%2flinux-arm64 set size:undefined disposed:false
481 silly fetch manifest @esbuild/openbsd-arm64@0.28.2
482 silly packumentCache full:https://registry.npmjs.org/@esbuild%2fopenbsd-arm64 cache-miss
483 http fetch GET 200 https://registry.npmjs.org/@esbuild%2flinux-ppc64 168ms (cache miss)
484 silly packumentCache full:https://registry.npmjs.org/@esbuild%2flinux-ppc64 set size:undefined disposed:false
485 silly fetch manifest @esbuild/linux-mips64el@0.28.2
486 silly packumentCache full:https://registry.npmjs.org/@esbuild%2flinux-mips64el cache-miss
487 http fetch GET 200 https://registry.npmjs.org/@esbuild%2flinux-arm 401ms (cache miss)
488 silly packumentCache full:https://registry.npmjs.org/@esbuild%2flinux-arm set size:undefined disposed:false
489 silly fetch manifest @esbuild/openharmony-arm64@0.28.2
490 silly packumentCache full:https://registry.npmjs.org/@esbuild%2fopenharmony-arm64 cache-miss
491 http fetch GET 200 https://registry.npmjs.org/@esbuild%2fandroid-arm 402ms (cache miss)
492 silly packumentCache full:https://registry.npmjs.org/@esbuild%2fandroid-arm set size:undefined disposed:false
493 silly fetch manifest nanoid@^3.3.18
494 silly packumentCache full:https://registry.npmjs.org/nanoid cache-miss
495 http fetch GET 200 https://registry.npmjs.org/@esbuild%2fopenharmony-arm64 61ms (cache miss)
496 silly packumentCache full:https://registry.npmjs.org/@esbuild%2fopenharmony-arm64 set size:undefined disposed:false
497 silly fetch manifest source-map-js@^1.2.1
498 silly packumentCache full:https://registry.npmjs.org/source-map-js cache-miss
499 http fetch GET 200 https://registry.npmjs.org/@esbuild%2fandroid-arm64 93ms (cache miss)
500 silly packumentCache full:https://registry.npmjs.org/@esbuild%2fandroid-arm64 set size:undefined disposed:false
501 silly fetch manifest @types/estree@1.0.9
502 silly packumentCache full:https://registry.npmjs.org/@types%2festree cache-miss
503 http fetch GET 200 https://registry.npmjs.org/@esbuild%2flinux-riscv64 84ms (cache miss)
504 silly packumentCache full:https://registry.npmjs.org/@esbuild%2flinux-riscv64 set size:undefined disposed:false
505 silly fetch manifest @rollup/rollup-darwin-x64@4.63.3
506 silly packumentCache full:https://registry.npmjs.org/@rollup%2frollup-darwin-x64 cache-miss
507 http fetch GET 200 https://registry.npmjs.org/@esbuild%2ffreebsd-arm64 100ms (cache miss)
508 silly packumentCache full:https://registry.npmjs.org/@esbuild%2ffreebsd-arm64 set size:undefined disposed:false
509 silly fetch manifest @rollup/rollup-freebsd-x64@4.63.3
510 silly packumentCache full:https://registry.npmjs.org/@rollup%2frollup-freebsd-x64 cache-miss
511 http fetch GET 200 https://registry.npmjs.org/nanoid 85ms (cache miss)
512 silly packumentCache full:https://registry.npmjs.org/nanoid set size:undefined disposed:false
513 silly fetch manifest @rollup/rollup-openbsd-x64@4.63.3
514 silly packumentCache full:https://registry.npmjs.org/@rollup%2frollup-openbsd-x64 cache-miss
515 http fetch GET 200 https://registry.npmjs.org/source-map-js 45ms (cache miss)
516 silly packumentCache full:https://registry.npmjs.org/source-map-js set size:undefined disposed:false
517 silly fetch manifest @napi-rs/lzma-linux-x64-gnu@1.5.1
518 silly packumentCache full:https://registry.npmjs.org/@napi-rs%2flzma-linux-x64-gnu cache-miss
519 http fetch GET 200 https://registry.npmjs.org/@types%2festree 45ms (cache miss)
520 silly packumentCache full:https://registry.npmjs.org/@types%2festree set size:undefined disposed:false
521 silly fetch manifest @rollup/rollup-darwin-arm64@4.63.3
522 silly packumentCache full:https://registry.npmjs.org/@rollup%2frollup-darwin-arm64 cache-miss
523 http fetch GET 200 https://registry.npmjs.org/@rollup%2frollup-freebsd-x64 87ms (cache miss)
524 silly packumentCache full:https://registry.npmjs.org/@rollup%2frollup-freebsd-x64 set size:undefined disposed:false
525 silly fetch manifest @rollup/rollup-android-arm64@4.63.3
526 silly packumentCache full:https://registry.npmjs.org/@rollup%2frollup-android-arm64 cache-miss
527 http fetch GET 200 https://registry.npmjs.org/@rollup%2frollup-darwin-x64 110ms (cache miss)
528 silly packumentCache full:https://registry.npmjs.org/@rollup%2frollup-darwin-x64 set size:undefined disposed:false
529 silly fetch manifest @rollup/rollup-freebsd-arm64@4.63.3
530 silly packumentCache full:https://registry.npmjs.org/@rollup%2frollup-freebsd-arm64 cache-miss
531 http fetch GET 200 https://registry.npmjs.org/@rollup%2frollup-openbsd-x64 336ms (cache miss)
532 silly packumentCache full:https://registry.npmjs.org/@rollup%2frollup-openbsd-x64 set size:undefined disposed:false
533 silly fetch manifest @rollup/rollup-linux-x64-gnu@4.63.3
534 silly packumentCache full:https://registry.npmjs.org/@rollup%2frollup-linux-x64-gnu cache-miss
535 http fetch GET 200 https://registry.npmjs.org/@napi-rs%2flzma-linux-x64-gnu 321ms (cache miss)
536 silly packumentCache full:https://registry.npmjs.org/@napi-rs%2flzma-linux-x64-gnu set size:undefined disposed:false
537 silly fetch manifest @rollup/rollup-win32-x64-gnu@4.63.3
538 silly packumentCache full:https://registry.npmjs.org/@rollup%2frollup-win32-x64-gnu cache-miss
539 http fetch GET 200 https://registry.npmjs.org/@esbuild%2fopenbsd-arm64 439ms (cache miss)
540 silly packumentCache full:https://registry.npmjs.org/@esbuild%2fopenbsd-arm64 set size:undefined disposed:false
541 silly fetch manifest @rollup/rollup-linux-x64-musl@4.63.3
542 silly packumentCache full:https://registry.npmjs.org/@rollup%2frollup-linux-x64-musl cache-miss
543 http fetch GET 200 https://registry.npmjs.org/@esbuild%2fnetbsd-arm64 469ms (cache miss)
544 silly packumentCache full:https://registry.npmjs.org/@esbuild%2fnetbsd-arm64 set size:undefined disposed:false
545 silly fetch manifest @rollup/rollup-win32-x64-msvc@4.63.3
546 silly packumentCache full:https://registry.npmjs.org/@rollup%2frollup-win32-x64-msvc cache-miss
547 http fetch GET 200 https://registry.npmjs.org/@esbuild%2fwin32-x64 845ms (cache miss)
548 silly packumentCache full:https://registry.npmjs.org/@esbuild%2fwin32-x64 set size:undefined disposed:false
549 silly fetch manifest @rollup/rollup-linux-arm64-gnu@4.63.3
550 silly packumentCache full:https://registry.npmjs.org/@rollup%2frollup-linux-arm64-gnu cache-miss
551 http fetch GET 200 https://registry.npmjs.org/@rollup%2frollup-freebsd-arm64 261ms (cache miss)
552 silly packumentCache full:https://registry.npmjs.org/@rollup%2frollup-freebsd-arm64 set size:undefined disposed:false
553 silly fetch manifest @rollup/rollup-linux-ppc64-gnu@4.63.3
554 silly packumentCache full:https://registry.npmjs.org/@rollup%2frollup-linux-ppc64-gnu cache-miss
555 http fetch GET 200 https://registry.npmjs.org/@esbuild%2flinux-loong64 469ms (cache miss)
556 silly packumentCache full:https://registry.npmjs.org/@esbuild%2flinux-loong64 set size:undefined disposed:false
557 silly fetch manifest @rollup/rollup-linux-s390x-gnu@4.63.3
558 silly packumentCache full:https://registry.npmjs.org/@rollup%2frollup-linux-s390x-gnu cache-miss
559 http fetch GET 200 https://registry.npmjs.org/@rollup%2frollup-android-arm64 285ms (cache miss)
560 silly packumentCache full:https://registry.npmjs.org/@rollup%2frollup-android-arm64 set size:undefined disposed:false
561 silly fetch manifest @rollup/rollup-win32-ia32-msvc@4.63.3
562 silly packumentCache full:https://registry.npmjs.org/@rollup%2frollup-win32-ia32-msvc cache-miss
563 http fetch GET 200 https://registry.npmjs.org/@esbuild%2flinux-mips64el 465ms (cache miss)
564 silly packumentCache full:https://registry.npmjs.org/@esbuild%2flinux-mips64el set size:undefined disposed:false
565 silly fetch manifest @rollup/rollup-android-arm-eabi@4.63.3
566 silly packumentCache full:https://registry.npmjs.org/@rollup%2frollup-android-arm-eabi cache-miss
567 http fetch GET 200 https://registry.npmjs.org/@rollup%2frollup-linux-ppc64-gnu 66ms (cache miss)
568 silly packumentCache full:https://registry.npmjs.org/@rollup%2frollup-linux-ppc64-gnu set size:undefined disposed:false
569 silly fetch manifest @rollup/rollup-linux-arm64-musl@4.63.3
570 silly packumentCache full:https://registry.npmjs.org/@rollup%2frollup-linux-arm64-musl cache-miss
571 http fetch GET 200 https://registry.npmjs.org/@rollup%2frollup-win32-ia32-msvc 76ms (cache miss)
572 silly packumentCache full:https://registry.npmjs.org/@rollup%2frollup-win32-ia32-msvc set size:undefined disposed:false
573 silly fetch manifest @rollup/rollup-linux-ppc64-musl@4.63.3
574 silly packumentCache full:https://registry.npmjs.org/@rollup%2frollup-linux-ppc64-musl cache-miss
575 http fetch GET 200 https://registry.npmjs.org/@rollup%2frollup-linux-s390x-gnu 84ms (cache miss)
576 silly packumentCache full:https://registry.npmjs.org/@rollup%2frollup-linux-s390x-gnu set size:undefined disposed:false
577 silly fetch manifest @rollup/rollup-win32-arm64-msvc@4.63.3
578 silly packumentCache full:https://registry.npmjs.org/@rollup%2frollup-win32-arm64-msvc cache-miss
579 http fetch GET 200 https://registry.npmjs.org/@rollup%2frollup-android-arm-eabi 86ms (cache miss)
580 silly packumentCache full:https://registry.npmjs.org/@rollup%2frollup-android-arm-eabi set size:undefined disposed:false
581 silly fetch manifest @rollup/rollup-linux-loong64-gnu@4.63.3
582 silly packumentCache full:https://registry.npmjs.org/@rollup%2frollup-linux-loong64-gnu cache-miss
583 http fetch GET 200 https://registry.npmjs.org/@rollup%2frollup-linux-ppc64-musl 72ms (cache miss)
584 silly packumentCache full:https://registry.npmjs.org/@rollup%2frollup-linux-ppc64-musl set size:undefined disposed:false
585 silly fetch manifest @rollup/rollup-linux-riscv64-gnu@4.63.3
586 silly packumentCache full:https://registry.npmjs.org/@rollup%2frollup-linux-riscv64-gnu cache-miss
587 http fetch GET 200 https://registry.npmjs.org/@esbuild%2flinux-x64 1020ms (cache miss)
588 silly packumentCache full:https://registry.npmjs.org/@esbuild%2flinux-x64 set size:undefined disposed:false
589 silly fetch manifest @rollup/rollup-openharmony-arm64@4.63.3
590 silly packumentCache full:https://registry.npmjs.org/@rollup%2frollup-openharmony-arm64 cache-miss
591 http fetch GET 200 https://registry.npmjs.org/@rollup%2frollup-linux-loong64-gnu 73ms (cache miss)
592 silly packumentCache full:https://registry.npmjs.org/@rollup%2frollup-linux-loong64-gnu set size:undefined disposed:false
593 silly fetch manifest @rollup/rollup-linux-loong64-musl@4.63.3
594 silly packumentCache full:https://registry.npmjs.org/@rollup%2frollup-linux-loong64-musl cache-miss
595 http fetch GET 200 https://registry.npmjs.org/@rollup%2frollup-win32-x64-gnu 326ms (cache miss)
596 silly packumentCache full:https://registry.npmjs.org/@rollup%2frollup-win32-x64-gnu set size:undefined disposed:false
597 silly fetch manifest @rollup/rollup-linux-riscv64-musl@4.63.3
598 silly packumentCache full:https://registry.npmjs.org/@rollup%2frollup-linux-riscv64-musl cache-miss
599 http fetch GET 200 https://registry.npmjs.org/@rollup%2frollup-openharmony-arm64 145ms (cache miss)
600 silly packumentCache full:https://registry.npmjs.org/@rollup%2frollup-openharmony-arm64 set size:undefined disposed:false
601 silly fetch manifest @rollup/rollup-linux-arm-gnueabihf@4.63.3
602 silly packumentCache full:https://registry.npmjs.org/@rollup%2frollup-linux-arm-gnueabihf cache-miss
603 http fetch GET 200 https://registry.npmjs.org/@rollup%2frollup-linux-arm64-gnu 327ms (cache miss)
604 silly packumentCache full:https://registry.npmjs.org/@rollup%2frollup-linux-arm64-gnu set size:undefined disposed:false
605 silly fetch manifest @rollup/rollup-linux-arm-musleabihf@4.63.3
606 silly packumentCache full:https://registry.npmjs.org/@rollup%2frollup-linux-arm-musleabihf cache-miss
607 http fetch GET 200 https://registry.npmjs.org/@rollup%2frollup-darwin-arm64 667ms (cache miss)
608 silly packumentCache full:https://registry.npmjs.org/@rollup%2frollup-darwin-arm64 set size:undefined disposed:false
609 http fetch GET 200 https://registry.npmjs.org/@rollup%2frollup-linux-x64-gnu 356ms (cache miss)
610 silly packumentCache full:https://registry.npmjs.org/@rollup%2frollup-linux-x64-gnu set size:undefined disposed:false
611 http fetch GET 200 https://registry.npmjs.org/@rollup%2frollup-win32-x64-msvc 352ms (cache miss)
612 silly packumentCache full:https://registry.npmjs.org/@rollup%2frollup-win32-x64-msvc set size:undefined disposed:false
613 http fetch GET 200 https://registry.npmjs.org/@rollup%2frollup-linux-riscv64-musl 57ms (cache miss)
614 silly packumentCache full:https://registry.npmjs.org/@rollup%2frollup-linux-riscv64-musl set size:undefined disposed:false
615 http fetch GET 200 https://registry.npmjs.org/@rollup%2frollup-linux-arm64-musl 311ms (cache miss)
616 silly packumentCache full:https://registry.npmjs.org/@rollup%2frollup-linux-arm64-musl set size:undefined disposed:false
617 http fetch GET 200 https://registry.npmjs.org/@rollup%2frollup-linux-arm-gnueabihf 69ms (cache miss)
618 silly packumentCache full:https://registry.npmjs.org/@rollup%2frollup-linux-arm-gnueabihf set size:undefined disposed:false
619 http fetch GET 200 https://registry.npmjs.org/@rollup%2frollup-linux-loong64-musl 912ms (cache miss)
620 silly packumentCache full:https://registry.npmjs.org/@rollup%2frollup-linux-loong64-musl set size:undefined disposed:false
621 http fetch GET 200 https://registry.npmjs.org/@rollup%2frollup-linux-arm-musleabihf 765ms (cache miss)
622 silly packumentCache full:https://registry.npmjs.org/@rollup%2frollup-linux-arm-musleabihf set size:undefined disposed:false
623 http fetch GET 200 https://registry.npmjs.org/@rollup%2frollup-win32-arm64-msvc 1013ms (cache miss)
624 silly packumentCache full:https://registry.npmjs.org/@rollup%2frollup-win32-arm64-msvc set size:undefined disposed:false
625 http fetch GET 200 https://registry.npmjs.org/@rollup%2frollup-linux-x64-musl 1124ms (cache miss)
626 silly packumentCache full:https://registry.npmjs.org/@rollup%2frollup-linux-x64-musl set size:undefined disposed:false
627 http fetch GET 200 https://registry.npmjs.org/@rollup%2frollup-linux-riscv64-gnu 955ms (cache miss)
628 silly packumentCache full:https://registry.npmjs.org/@rollup%2frollup-linux-riscv64-gnu set size:undefined disposed:false
629 silly placeDep ROOT @esbuild/aix-ppc64@0.28.2 OK for: esbuild@0.28.2 want: 0.28.2
630 silly placeDep ROOT @esbuild/android-arm@0.28.2 OK for: esbuild@0.28.2 want: 0.28.2
631 silly placeDep ROOT @esbuild/android-arm64@0.28.2 OK for: esbuild@0.28.2 want: 0.28.2
632 silly placeDep ROOT @esbuild/android-x64@0.28.2 OK for: esbuild@0.28.2 want: 0.28.2
633 silly placeDep ROOT @esbuild/darwin-arm64@0.28.2 OK for: esbuild@0.28.2 want: 0.28.2
634 silly placeDep ROOT @esbuild/darwin-x64@0.28.2 OK for: esbuild@0.28.2 want: 0.28.2
635 silly placeDep ROOT @esbuild/freebsd-arm64@0.28.2 OK for: esbuild@0.28.2 want: 0.28.2
636 silly placeDep ROOT @esbuild/freebsd-x64@0.28.2 OK for: esbuild@0.28.2 want: 0.28.2
637 silly placeDep ROOT @esbuild/linux-arm@0.28.2 OK for: esbuild@0.28.2 want: 0.28.2
638 silly placeDep ROOT @esbuild/linux-arm64@0.28.2 OK for: esbuild@0.28.2 want: 0.28.2
639 silly placeDep ROOT @esbuild/linux-ia32@0.28.2 OK for: esbuild@0.28.2 want: 0.28.2
640 silly placeDep ROOT @esbuild/linux-loong64@0.28.2 OK for: esbuild@0.28.2 want: 0.28.2
641 silly placeDep ROOT @esbuild/linux-mips64el@0.28.2 OK for: esbuild@0.28.2 want: 0.28.2
642 silly placeDep ROOT @esbuild/linux-ppc64@0.28.2 OK for: esbuild@0.28.2 want: 0.28.2
643 silly placeDep ROOT @esbuild/linux-riscv64@0.28.2 OK for: esbuild@0.28.2 want: 0.28.2
644 silly placeDep ROOT @esbuild/linux-s390x@0.28.2 OK for: esbuild@0.28.2 want: 0.28.2
645 silly placeDep ROOT @esbuild/linux-x64@0.28.2 OK for: esbuild@0.28.2 want: 0.28.2
646 silly placeDep ROOT @esbuild/netbsd-arm64@0.28.2 OK for: esbuild@0.28.2 want: 0.28.2
647 silly placeDep ROOT @esbuild/netbsd-x64@0.28.2 OK for: esbuild@0.28.2 want: 0.28.2
648 silly placeDep ROOT @esbuild/openbsd-arm64@0.28.2 OK for: esbuild@0.28.2 want: 0.28.2
649 silly placeDep ROOT @esbuild/openbsd-x64@0.28.2 OK for: esbuild@0.28.2 want: 0.28.2
650 silly placeDep ROOT @esbuild/openharmony-arm64@0.28.2 OK for: esbuild@0.28.2 want: 0.28.2
651 silly placeDep ROOT @esbuild/sunos-x64@0.28.2 OK for: esbuild@0.28.2 want: 0.28.2
652 silly placeDep ROOT @esbuild/win32-arm64@0.28.2 OK for: esbuild@0.28.2 want: 0.28.2
653 silly placeDep ROOT @esbuild/win32-ia32@0.28.2 OK for: esbuild@0.28.2 want: 0.28.2
654 silly placeDep ROOT @esbuild/win32-x64@0.28.2 OK for: esbuild@0.28.2 want: 0.28.2
655 silly placeDep ROOT nanoid@3.3.19 OK for: postcss@8.5.28 want: ^3.3.18
656 silly placeDep ROOT source-map-js@1.2.1 OK for: postcss@8.5.28 want: ^1.2.1
657 silly placeDep ROOT @napi-rs/lzma-linux-x64-gnu@1.5.1 OK for: rollup@4.63.3 want: 1.5.1
658 silly placeDep ROOT @rollup/rollup-android-arm-eabi@4.63.3 OK for: rollup@4.63.3 want: 4.63.3
659 silly placeDep ROOT @rollup/rollup-android-arm64@4.63.3 OK for: rollup@4.63.3 want: 4.63.3
660 silly placeDep ROOT @rollup/rollup-darwin-arm64@4.63.3 OK for: rollup@4.63.3 want: 4.63.3
661 silly placeDep ROOT @rollup/rollup-darwin-x64@4.63.3 OK for: rollup@4.63.3 want: 4.63.3
662 silly placeDep ROOT @rollup/rollup-freebsd-arm64@4.63.3 OK for: rollup@4.63.3 want: 4.63.3
663 silly placeDep ROOT @rollup/rollup-freebsd-x64@4.63.3 OK for: rollup@4.63.3 want: 4.63.3
664 silly placeDep ROOT @rollup/rollup-linux-arm-gnueabihf@4.63.3 OK for: rollup@4.63.3 want: 4.63.3
665 silly placeDep ROOT @rollup/rollup-linux-arm-musleabihf@4.63.3 OK for: rollup@4.63.3 want: 4.63.3
666 silly placeDep ROOT @rollup/rollup-linux-arm64-gnu@4.63.3 OK for: rollup@4.63.3 want: 4.63.3
667 silly placeDep ROOT @rollup/rollup-linux-arm64-musl@4.63.3 OK for: rollup@4.63.3 want: 4.63.3
668 silly placeDep ROOT @rollup/rollup-linux-loong64-gnu@4.63.3 OK for: rollup@4.63.3 want: 4.63.3
669 silly placeDep ROOT @rollup/rollup-linux-loong64-musl@4.63.3 OK for: rollup@4.63.3 want: 4.63.3
670 silly placeDep ROOT @rollup/rollup-linux-ppc64-gnu@4.63.3 OK for: rollup@4.63.3 want: 4.63.3
671 silly placeDep ROOT @rollup/rollup-linux-ppc64-musl@4.63.3 OK for: rollup@4.63.3 want: 4.63.3
672 silly placeDep ROOT @rollup/rollup-linux-riscv64-gnu@4.63.3 OK for: rollup@4.63.3 want: 4.63.3
673 silly placeDep ROOT @rollup/rollup-linux-riscv64-musl@4.63.3 OK for: rollup@4.63.3 want: 4.63.3
674 silly placeDep ROOT @rollup/rollup-linux-s390x-gnu@4.63.3 OK for: rollup@4.63.3 want: 4.63.3
675 silly placeDep ROOT @rollup/rollup-linux-x64-gnu@4.63.3 OK for: rollup@4.63.3 want: 4.63.3
676 silly placeDep ROOT @rollup/rollup-linux-x64-musl@4.63.3 OK for: rollup@4.63.3 want: 4.63.3
677 silly placeDep ROOT @rollup/rollup-openbsd-x64@4.63.3 OK for: rollup@4.63.3 want: 4.63.3
678 silly placeDep ROOT @rollup/rollup-openharmony-arm64@4.63.3 OK for: rollup@4.63.3 want: 4.63.3
679 silly placeDep ROOT @rollup/rollup-win32-arm64-msvc@4.63.3 OK for: rollup@4.63.3 want: 4.63.3
680 silly placeDep ROOT @rollup/rollup-win32-ia32-msvc@4.63.3 OK for: rollup@4.63.3 want: 4.63.3
681 silly placeDep ROOT @rollup/rollup-win32-x64-gnu@4.63.3 OK for: rollup@4.63.3 want: 4.63.3
682 silly placeDep ROOT @rollup/rollup-win32-x64-msvc@4.63.3 OK for: rollup@4.63.3 want: 4.63.3
683 silly placeDep ROOT @types/estree@1.0.9 OK for: rollup@4.63.3 want: 1.0.9
684 silly reify moves {}
685 silly audit bulk request {
685 silly audit   '@vitejs/plugin-react': [ '5.2.0' ],
685 silly audit   vite: [ '7.3.6' ],
685 silly audit   react: [ '19.3.0' ],
685 silly audit   'react-dom': [ '19.3.0' ],
685 silly audit   '@babel/core': [ '7.29.7' ],
685 silly audit   '@babel/plugin-transform-react-jsx-self': [ '7.29.7' ],
685 silly audit   '@babel/plugin-transform-react-jsx-source': [ '7.29.7' ],
685 silly audit   '@rolldown/pluginutils': [ '1.0.0-rc.3' ],
685 silly audit   '@types/babel__core': [ '7.20.5' ],
685 silly audit   'react-refresh': [ '0.18.0' ],
685 silly audit   '@babel/code-frame': [ '7.29.7' ],
685 silly audit   '@babel/generator': [ '7.29.8' ],
685 silly audit   '@babel/helper-compilation-targets': [ '7.29.7' ],
685 silly audit   '@babel/helper-module-transforms': [ '7.29.7' ],
685 silly audit   '@babel/helpers': [ '7.29.7' ],
685 silly audit   '@babel/parser': [ '7.29.8' ],
685 silly audit   '@babel/template': [ '7.29.7' ],
685 silly audit   '@babel/traverse': [ '7.29.8' ],
685 silly audit   '@babel/types': [ '7.29.8' ],
685 silly audit   '@jridgewell/remapping': [ '2.3.5' ],
685 silly audit   'convert-source-map': [ '2.0.0' ],
685 silly audit   debug: [ '4.4.3' ],
685 silly audit   gensync: [ '1.0.0-beta.2' ],
685 silly audit   json5: [ '2.2.3' ],
685 silly audit   semver: [ '6.3.1' ],
685 silly audit   '@babel/helper-validator-identifier': [ '7.29.7' ],
685 silly audit   'js-tokens': [ '4.0.0' ],
685 silly audit   picocolors: [ '1.1.1' ],
685 silly audit   '@jridgewell/gen-mapping': [ '0.3.13' ],
685 silly audit   '@jridgewell/trace-mapping': [ '0.3.31' ],
685 silly audit   jsesc: [ '3.1.0' ],
685 silly audit   '@babel/compat-data': [ '7.29.7' ],
685 silly audit   '@babel/helper-validator-option': [ '7.29.7' ],
685 silly audit   browserslist: [ '4.29.0' ],
685 silly audit   'lru-cache': [ '5.1.1' ],
685 silly audit   '@babel/helper-module-imports': [ '7.29.7' ],
685 silly audit   '@babel/helper-plugin-utils': [ '7.29.7' ],
685 silly audit   '@babel/helper-globals': [ '7.29.7' ],
685 silly audit   '@babel/helper-string-parser': [ '7.29.7' ],
685 silly audit   '@jridgewell/sourcemap-codec': [ '1.6.0' ],
685 silly audit   '@jridgewell/resolve-uri': [ '3.1.2' ],
685 silly audit   '@types/babel__generator': [ '7.27.0' ],
685 silly audit   '@types/babel__template': [ '7.4.4' ],
685 silly audit   '@types/babel__traverse': [ '7.28.0' ],
685 silly audit   'baseline-browser-mapping': [ '2.11.24' ],
685 silly audit   'caniuse-lite': [ '1.0.30001810' ],
685 silly audit   'electron-to-chromium': [ '1.5.430' ],
685 silly audit   'node-releases': [ '2.0.55' ],
685 silly audit   'update-browserslist-db': [ '1.3.3' ],
685 silly audit   ms: [ '2.1.3' ],
685 silly audit   yallist: [ '3.1.1' ],
685 silly audit   scheduler: [ '0.28.0' ],
685 silly audit   escalade: [ '3.2.0' ],
685 silly audit   esbuild: [ '0.28.2' ],
685 silly audit   fdir: [ '6.5.0' ],
685 silly audit   fsevents: [ '2.3.3' ],
685 silly audit   picomatch: [ '4.0.7' ],
685 silly audit   postcss: [ '8.5.28' ],
685 silly audit   rollup: [ '4.63.3' ],
685 silly audit   tinyglobby: [ '0.2.17' ],
685 silly audit   '@esbuild/aix-ppc64': [ '0.28.2' ],
685 silly audit   '@esbuild/android-arm': [ '0.28.2' ],
685 silly audit   '@esbuild/android-arm64': [ '0.28.2' ],
685 silly audit   '@esbuild/android-x64': [ '0.28.2' ],
685 silly audit   '@esbuild/darwin-arm64': [ '0.28.2' ],
685 silly audit   '@esbuild/darwin-x64': [ '0.28.2' ],
685 silly audit   '@esbuild/freebsd-arm64': [ '0.28.2' ],
685 silly audit   '@esbuild/freebsd-x64': [ '0.28.2' ],
685 silly audit   '@esbuild/linux-arm': [ '0.28.2' ],
685 silly audit   '@esbuild/linux-arm64': [ '0.28.2' ],
685 silly audit   '@esbuild/linux-ia32': [ '0.28.2' ],
685 silly audit   '@esbuild/linux-loong64': [ '0.28.2' ],
685 silly audit   '@esbuild/linux-mips64el': [ '0.28.2' ],
685 silly audit   '@esbuild/linux-ppc64': [ '0.28.2' ],
685 silly audit   '@esbuild/linux-riscv64': [ '0.28.2' ],
685 silly audit   '@esbuild/linux-s390x': [ '0.28.2' ],
685 silly audit   '@esbuild/linux-x64': [ '0.28.2' ],
685 silly audit   '@esbuild/netbsd-arm64': [ '0.28.2' ],
685 silly audit   '@esbuild/netbsd-x64': [ '0.28.2' ],
685 silly audit   '@esbuild/openbsd-arm64': [ '0.28.2' ],
685 silly audit   '@esbuild/openbsd-x64': [ '0.28.2' ],
685 silly audit   '@esbuild/openharmony-arm64': [ '0.28.2' ],
685 silly audit   '@esbuild/sunos-x64': [ '0.28.2' ],
685 silly audit   '@esbuild/win32-arm64': [ '0.28.2' ],
685 silly audit   '@esbuild/win32-ia32': [ '0.28.2' ],
685 silly audit   '@esbuild/win32-x64': [ '0.28.2' ],
685 silly audit   nanoid: [ '3.3.19' ],
685 silly audit   'source-map-js': [ '1.2.1' ],
685 silly audit   '@napi-rs/lzma-linux-x64-gnu': [ '1.5.1' ],
685 silly audit   '@rollup/rollup-android-arm-eabi': [ '4.63.3' ],
685 silly audit   '@rollup/rollup-android-arm64': [ '4.63.3' ],
685 silly audit   '@rollup/rollup-darwin-arm64': [ '4.63.3' ],
685 silly audit   '@rollup/rollup-darwin-x64': [ '4.63.3' ],
685 silly audit   '@rollup/rollup-freebsd-arm64': [ '4.63.3' ],
685 silly audit   '@rollup/rollup-freebsd-x64': [ '4.63.3' ],
685 silly audit   '@rollup/rollup-linux-arm-gnueabihf': [ '4.63.3' ],
685 silly audit   '@rollup/rollup-linux-arm-musleabihf': [ '4.63.3' ],
685 silly audit   '@rollup/rollup-linux-arm64-gnu': [ '4.63.3' ],
685 silly audit   '@rollup/rollup-linux-arm64-musl': [ '4.63.3' ],
685 silly audit   '@rollup/rollup-linux-loong64-gnu': [ '4.63.3' ],
685 silly audit   '@rollup/rollup-linux-loong64-musl': [ '4.63.3' ],
685 silly audit   '@rollup/rollup-linux-ppc64-gnu': [ '4.63.3' ],
685 silly audit   '@rollup/rollup-linux-ppc64-musl': [ '4.63.3' ],
685 silly audit   '@rollup/rollup-linux-riscv64-gnu': [ '4.63.3' ],
685 silly audit   '@rollup/rollup-linux-riscv64-musl': [ '4.63.3' ],
685 silly audit   '@rollup/rollup-linux-s390x-gnu': [ '4.63.3' ],
685 silly audit   '@rollup/rollup-linux-x64-gnu': [ '4.63.3' ],
685 silly audit   '@rollup/rollup-linux-x64-musl': [ '4.63.3' ],
685 silly audit   '@rollup/rollup-openbsd-x64': [ '4.63.3' ],
685 silly audit   '@rollup/rollup-openharmony-arm64': [ '4.63.3' ],
685 silly audit   '@rollup/rollup-win32-arm64-msvc': [ '4.63.3' ],
685 silly audit   '@rollup/rollup-win32-ia32-msvc': [ '4.63.3' ],
685 silly audit   '@rollup/rollup-win32-x64-gnu': [ '4.63.3' ],
685 silly audit   '@rollup/rollup-win32-x64-msvc': [ '4.63.3' ],
685 silly audit   '@types/estree': [ '1.0.9' ]
685 silly audit }
686 verbose reify failed optional dependency C:\Users\Akash Pathak\Documents\Codex\2026-09-16\i-x20\node_modules\@rollup\rollup-win32-ia32-msvc
687 silly reify mark deleted [
687 silly reify   'C:\\Users\\Akash Pathak\\Documents\\Codex\\2026-09-16\\i-x20\\node_modules\\@rollup\\rollup-win32-ia32-msvc'
687 silly reify ]
688 verbose reify failed optional dependency C:\Users\Akash Pathak\Documents\Codex\2026-09-16\i-x20\node_modules\@rollup\rollup-win32-arm64-msvc
689 silly reify mark deleted [
689 silly reify   'C:\\Users\\Akash Pathak\\Documents\\Codex\\2026-09-16\\i-x20\\node_modules\\@rollup\\rollup-win32-arm64-msvc'
689 silly reify ]
690 verbose reify failed optional dependency C:\Users\Akash Pathak\Documents\Codex\2026-09-16\i-x20\node_modules\@rollup\rollup-openharmony-arm64
691 silly reify mark deleted [
691 silly reify   'C:\\Users\\Akash Pathak\\Documents\\Codex\\2026-09-16\\i-x20\\node_modules\\@rollup\\rollup-openharmony-arm64'
691 silly reify ]
692 verbose reify failed optional dependency C:\Users\Akash Pathak\Documents\Codex\2026-09-16\i-x20\node_modules\@rollup\rollup-openbsd-x64
693 silly reify mark deleted [
693 silly reify   'C:\\Users\\Akash Pathak\\Documents\\Codex\\2026-09-16\\i-x20\\node_modules\\@rollup\\rollup-openbsd-x64'
693 silly reify ]
694 verbose reify failed optional dependency C:\Users\Akash Pathak\Documents\Codex\2026-09-16\i-x20\node_modules\@rollup\rollup-linux-x64-musl
695 silly reify mark deleted [
695 silly reify   'C:\\Users\\Akash Pathak\\Documents\\Codex\\2026-09-16\\i-x20\\node_modules\\@rollup\\rollup-linux-x64-musl'
695 silly reify ]
696 verbose reify failed optional dependency C:\Users\Akash Pathak\Documents\Codex\2026-09-16\i-x20\node_modules\@rollup\rollup-linux-x64-gnu
697 silly reify mark deleted [
697 silly reify   'C:\\Users\\Akash Pathak\\Documents\\Codex\\2026-09-16\\i-x20\\node_modules\\@rollup\\rollup-linux-x64-gnu'
697 silly reify ]
698 verbose reify failed optional dependency C:\Users\Akash Pathak\Documents\Codex\2026-09-16\i-x20\node_modules\@rollup\rollup-linux-s390x-gnu
699 silly reify mark deleted [
699 silly reify   'C:\\Users\\Akash Pathak\\Documents\\Codex\\2026-09-16\\i-x20\\node_modules\\@rollup\\rollup-linux-s390x-gnu'
699 silly reify ]
700 verbose reify failed optional dependency C:\Users\Akash Pathak\Documents\Codex\2026-09-16\i-x20\node_modules\@rollup\rollup-linux-riscv64-musl
701 silly reify mark deleted [
701 silly reify   'C:\\Users\\Akash Pathak\\Documents\\Codex\\2026-09-16\\i-x20\\node_modules\\@rollup\\rollup-linux-riscv64-musl'
701 silly reify ]
702 verbose reify failed optional dependency C:\Users\Akash Pathak\Documents\Codex\2026-09-16\i-x20\node_modules\@rollup\rollup-linux-riscv64-gnu
703 silly reify mark deleted [
703 silly reify   'C:\\Users\\Akash Pathak\\Documents\\Codex\\2026-09-16\\i-x20\\node_modules\\@rollup\\rollup-linux-riscv64-gnu'
703 silly reify ]
704 verbose reify failed optional dependency C:\Users\Akash Pathak\Documents\Codex\2026-09-16\i-x20\node_modules\@rollup\rollup-linux-ppc64-musl
705 silly reify mark deleted [
705 silly reify   'C:\\Users\\Akash Pathak\\Documents\\Codex\\2026-09-16\\i-x20\\node_modules\\@rollup\\rollup-linux-ppc64-musl'
705 silly reify ]
706 verbose reify failed optional dependency C:\Users\Akash Pathak\Documents\Codex\2026-09-16\i-x20\node_modules\@rollup\rollup-linux-ppc64-gnu
707 silly reify mark deleted [
707 silly reify   'C:\\Users\\Akash Pathak\\Documents\\Codex\\2026-09-16\\i-x20\\node_modules\\@rollup\\rollup-linux-ppc64-gnu'
707 silly reify ]
708 verbose reify failed optional dependency C:\Users\Akash Pathak\Documents\Codex\2026-09-16\i-x20\node_modules\@rollup\rollup-linux-loong64-musl
709 silly reify mark deleted [
709 silly reify   'C:\\Users\\Akash Pathak\\Documents\\Codex\\2026-09-16\\i-x20\\node_modules\\@rollup\\rollup-linux-loong64-musl'
709 silly reify ]
710 verbose reify failed optional dependency C:\Users\Akash Pathak\Documents\Codex\2026-09-16\i-x20\node_modules\@rollup\rollup-linux-loong64-gnu
711 silly reify mark deleted [
711 silly reify   'C:\\Users\\Akash Pathak\\Documents\\Codex\\2026-09-16\\i-x20\\node_modules\\@rollup\\rollup-linux-loong64-gnu'
711 silly reify ]
712 verbose reify failed optional dependency C:\Users\Akash Pathak\Documents\Codex\2026-09-16\i-x20\node_modules\@rollup\rollup-linux-arm64-musl
713 silly reify mark deleted [
713 silly reify   'C:\\Users\\Akash Pathak\\Documents\\Codex\\2026-09-16\\i-x20\\node_modules\\@rollup\\rollup-linux-arm64-musl'
713 silly reify ]
714 verbose reify failed optional dependency C:\Users\Akash Pathak\Documents\Codex\2026-09-16\i-x20\node_modules\@rollup\rollup-linux-arm64-gnu
715 silly reify mark deleted [
715 silly reify   'C:\\Users\\Akash Pathak\\Documents\\Codex\\2026-09-16\\i-x20\\node_modules\\@rollup\\rollup-linux-arm64-gnu'
715 silly reify ]
716 verbose reify failed optional dependency C:\Users\Akash Pathak\Documents\Codex\2026-09-16\i-x20\node_modules\@rollup\rollup-linux-arm-musleabihf
717 silly reify mark deleted [
717 silly reify   'C:\\Users\\Akash Pathak\\Documents\\Codex\\2026-09-16\\i-x20\\node_modules\\@rollup\\rollup-linux-arm-musleabihf'
717 silly reify ]
718 verbose reify failed optional dependency C:\Users\Akash Pathak\Documents\Codex\2026-09-16\i-x20\node_modules\@rollup\rollup-linux-arm-gnueabihf
719 silly reify mark deleted [
719 silly reify   'C:\\Users\\Akash Pathak\\Documents\\Codex\\2026-09-16\\i-x20\\node_modules\\@rollup\\rollup-linux-arm-gnueabihf'
719 silly reify ]
720 verbose reify failed optional dependency C:\Users\Akash Pathak\Documents\Codex\2026-09-16\i-x20\node_modules\@rollup\rollup-freebsd-x64
721 silly reify mark deleted [
721 silly reify   'C:\\Users\\Akash Pathak\\Documents\\Codex\\2026-09-16\\i-x20\\node_modules\\@rollup\\rollup-freebsd-x64'
721 silly reify ]
722 verbose reify failed optional dependency C:\Users\Akash Pathak\Documents\Codex\2026-09-16\i-x20\node_modules\@rollup\rollup-freebsd-arm64
723 silly reify mark deleted [
723 silly reify   'C:\\Users\\Akash Pathak\\Documents\\Codex\\2026-09-16\\i-x20\\node_modules\\@rollup\\rollup-freebsd-arm64'
723 silly reify ]
724 verbose reify failed optional dependency C:\Users\Akash Pathak\Documents\Codex\2026-09-16\i-x20\node_modules\@rollup\rollup-darwin-x64
725 silly reify mark deleted [
725 silly reify   'C:\\Users\\Akash Pathak\\Documents\\Codex\\2026-09-16\\i-x20\\node_modules\\@rollup\\rollup-darwin-x64'
725 silly reify ]
726 verbose reify failed optional dependency C:\Users\Akash Pathak\Documents\Codex\2026-09-16\i-x20\node_modules\@rollup\rollup-darwin-arm64
727 silly reify mark deleted [
727 silly reify   'C:\\Users\\Akash Pathak\\Documents\\Codex\\2026-09-16\\i-x20\\node_modules\\@rollup\\rollup-darwin-arm64'
727 silly reify ]
728 verbose reify failed optional dependency C:\Users\Akash Pathak\Documents\Codex\2026-09-16\i-x20\node_modules\@rollup\rollup-android-arm64
729 silly reify mark deleted [
729 silly reify   'C:\\Users\\Akash Pathak\\Documents\\Codex\\2026-09-16\\i-x20\\node_modules\\@rollup\\rollup-android-arm64'
729 silly reify ]
730 verbose reify failed optional dependency C:\Users\Akash Pathak\Documents\Codex\2026-09-16\i-x20\node_modules\@rollup\rollup-android-arm-eabi
731 silly reify mark deleted [
731 silly reify   'C:\\Users\\Akash Pathak\\Documents\\Codex\\2026-09-16\\i-x20\\node_modules\\@rollup\\rollup-android-arm-eabi'
731 silly reify ]
732 verbose reify failed optional dependency C:\Users\Akash Pathak\Documents\Codex\2026-09-16\i-x20\node_modules\@napi-rs\lzma-linux-x64-gnu
733 silly reify mark deleted [
733 silly reify   'C:\\Users\\Akash Pathak\\Documents\\Codex\\2026-09-16\\i-x20\\node_modules\\@napi-rs\\lzma-linux-x64-gnu'
733 silly reify ]
734 verbose reify failed optional dependency C:\Users\Akash Pathak\Documents\Codex\2026-09-16\i-x20\node_modules\@esbuild\win32-ia32
735 silly reify mark deleted [
735 silly reify   'C:\\Users\\Akash Pathak\\Documents\\Codex\\2026-09-16\\i-x20\\node_modules\\@esbuild\\win32-ia32'
735 silly reify ]
736 verbose reify failed optional dependency C:\Users\Akash Pathak\Documents\Codex\2026-09-16\i-x20\node_modules\@esbuild\win32-arm64
737 silly reify mark deleted [
737 silly reify   'C:\\Users\\Akash Pathak\\Documents\\Codex\\2026-09-16\\i-x20\\node_modules\\@esbuild\\win32-arm64'
737 silly reify ]
738 verbose reify failed optional dependency C:\Users\Akash Pathak\Documents\Codex\2026-09-16\i-x20\node_modules\@esbuild\sunos-x64
739 silly reify mark deleted [
739 silly reify   'C:\\Users\\Akash Pathak\\Documents\\Codex\\2026-09-16\\i-x20\\node_modules\\@esbuild\\sunos-x64'
739 silly reify ]
740 verbose reify failed optional dependency C:\Users\Akash Pathak\Documents\Codex\2026-09-16\i-x20\node_modules\@esbuild\openharmony-arm64
741 silly reify mark deleted [
741 silly reify   'C:\\Users\\Akash Pathak\\Documents\\Codex\\2026-09-16\\i-x20\\node_modules\\@esbuild\\openharmony-arm64'
741 silly reify ]
742 verbose reify failed optional dependency C:\Users\Akash Pathak\Documents\Codex\2026-09-16\i-x20\node_modules\@esbuild\openbsd-x64
743 silly reify mark deleted [
743 silly reify   'C:\\Users\\Akash Pathak\\Documents\\Codex\\2026-09-16\\i-x20\\node_modules\\@esbuild\\openbsd-x64'
743 silly reify ]
744 verbose reify failed optional dependency C:\Users\Akash Pathak\Documents\Codex\2026-09-16\i-x20\node_modules\@esbuild\openbsd-arm64
745 silly reify mark deleted [
745 silly reify   'C:\\Users\\Akash Pathak\\Documents\\Codex\\2026-09-16\\i-x20\\node_modules\\@esbuild\\openbsd-arm64'
745 silly reify ]
746 verbose reify failed optional dependency C:\Users\Akash Pathak\Documents\Codex\2026-09-16\i-x20\node_modules\@esbuild\netbsd-x64
747 silly reify mark deleted [
747 silly reify   'C:\\Users\\Akash Pathak\\Documents\\Codex\\2026-09-16\\i-x20\\node_modules\\@esbuild\\netbsd-x64'
747 silly reify ]
748 verbose reify failed optional dependency C:\Users\Akash Pathak\Documents\Codex\2026-09-16\i-x20\node_modules\@esbuild\netbsd-arm64
749 silly reify mark deleted [
749 silly reify   'C:\\Users\\Akash Pathak\\Documents\\Codex\\2026-09-16\\i-x20\\node_modules\\@esbuild\\netbsd-arm64'
749 silly reify ]
750 verbose reify failed optional dependency C:\Users\Akash Pathak\Documents\Codex\2026-09-16\i-x20\node_modules\@esbuild\linux-x64
751 silly reify mark deleted [
751 silly reify   'C:\\Users\\Akash Pathak\\Documents\\Codex\\2026-09-16\\i-x20\\node_modules\\@esbuild\\linux-x64'
751 silly reify ]
752 verbose reify failed optional dependency C:\Users\Akash Pathak\Documents\Codex\2026-09-16\i-x20\node_modules\@esbuild\linux-s390x
753 silly reify mark deleted [
753 silly reify   'C:\\Users\\Akash Pathak\\Documents\\Codex\\2026-09-16\\i-x20\\node_modules\\@esbuild\\linux-s390x'
753 silly reify ]
754 verbose reify failed optional dependency C:\Users\Akash Pathak\Documents\Codex\2026-09-16\i-x20\node_modules\@esbuild\linux-riscv64
755 silly reify mark deleted [
755 silly reify   'C:\\Users\\Akash Pathak\\Documents\\Codex\\2026-09-16\\i-x20\\node_modules\\@esbuild\\linux-riscv64'
755 silly reify ]
756 verbose reify failed optional dependency C:\Users\Akash Pathak\Documents\Codex\2026-09-16\i-x20\node_modules\@esbuild\linux-ppc64
757 silly reify mark deleted [
757 silly reify   'C:\\Users\\Akash Pathak\\Documents\\Codex\\2026-09-16\\i-x20\\node_modules\\@esbuild\\linux-ppc64'
757 silly reify ]
758 verbose reify failed optional dependency C:\Users\Akash Pathak\Documents\Codex\2026-09-16\i-x20\node_modules\@esbuild\linux-mips64el
759 silly reify mark deleted [
759 silly reify   'C:\\Users\\Akash Pathak\\Documents\\Codex\\2026-09-16\\i-x20\\node_modules\\@esbuild\\linux-mips64el'
759 silly reify ]
760 verbose reify failed optional dependency C:\Users\Akash Pathak\Documents\Codex\2026-09-16\i-x20\node_modules\@esbuild\linux-loong64
761 silly reify mark deleted [
761 silly reify   'C:\\Users\\Akash Pathak\\Documents\\Codex\\2026-09-16\\i-x20\\node_modules\\@esbuild\\linux-loong64'
761 silly reify ]
762 verbose reify failed optional dependency C:\Users\Akash Pathak\Documents\Codex\2026-09-16\i-x20\node_modules\@esbuild\linux-ia32
763 silly reify mark deleted [
763 silly reify   'C:\\Users\\Akash Pathak\\Documents\\Codex\\2026-09-16\\i-x20\\node_modules\\@esbuild\\linux-ia32'
763 silly reify ]
764 verbose reify failed optional dependency C:\Users\Akash Pathak\Documents\Codex\2026-09-16\i-x20\node_modules\@esbuild\linux-arm64
765 silly reify mark deleted [
765 silly reify   'C:\\Users\\Akash Pathak\\Documents\\Codex\\2026-09-16\\i-x20\\node_modules\\@esbuild\\linux-arm64'
765 silly reify ]
766 verbose reify failed optional dependency C:\Users\Akash Pathak\Documents\Codex\2026-09-16\i-x20\node_modules\@esbuild\linux-arm
767 silly reify mark deleted [
767 silly reify   'C:\\Users\\Akash Pathak\\Documents\\Codex\\2026-09-16\\i-x20\\node_modules\\@esbuild\\linux-arm'
767 silly reify ]
768 verbose reify failed optional dependency C:\Users\Akash Pathak\Documents\Codex\2026-09-16\i-x20\node_modules\@esbuild\freebsd-x64
769 silly reify mark deleted [
769 silly reify   'C:\\Users\\Akash Pathak\\Documents\\Codex\\2026-09-16\\i-x20\\node_modules\\@esbuild\\freebsd-x64'
769 silly reify ]
770 verbose reify failed optional dependency C:\Users\Akash Pathak\Documents\Codex\2026-09-16\i-x20\node_modules\@esbuild\freebsd-arm64
771 silly reify mark deleted [
771 silly reify   'C:\\Users\\Akash Pathak\\Documents\\Codex\\2026-09-16\\i-x20\\node_modules\\@esbuild\\freebsd-arm64'
771 silly reify ]
772 verbose reify failed optional dependency C:\Users\Akash Pathak\Documents\Codex\2026-09-16\i-x20\node_modules\@esbuild\darwin-x64
773 silly reify mark deleted [
773 silly reify   'C:\\Users\\Akash Pathak\\Documents\\Codex\\2026-09-16\\i-x20\\node_modules\\@esbuild\\darwin-x64'
773 silly reify ]
774 verbose reify failed optional dependency C:\Users\Akash Pathak\Documents\Codex\2026-09-16\i-x20\node_modules\@esbuild\darwin-arm64
775 silly reify mark deleted [
775 silly reify   'C:\\Users\\Akash Pathak\\Documents\\Codex\\2026-09-16\\i-x20\\node_modules\\@esbuild\\darwin-arm64'
775 silly reify ]
776 verbose reify failed optional dependency C:\Users\Akash Pathak\Documents\Codex\2026-09-16\i-x20\node_modules\@esbuild\android-x64
777 silly reify mark deleted [
777 silly reify   'C:\\Users\\Akash Pathak\\Documents\\Codex\\2026-09-16\\i-x20\\node_modules\\@esbuild\\android-x64'
777 silly reify ]
778 verbose reify failed optional dependency C:\Users\Akash Pathak\Documents\Codex\2026-09-16\i-x20\node_modules\@esbuild\android-arm64
779 silly reify mark deleted [
779 silly reify   'C:\\Users\\Akash Pathak\\Documents\\Codex\\2026-09-16\\i-x20\\node_modules\\@esbuild\\android-arm64'
779 silly reify ]
780 verbose reify failed optional dependency C:\Users\Akash Pathak\Documents\Codex\2026-09-16\i-x20\node_modules\@esbuild\android-arm
781 silly reify mark deleted [
781 silly reify   'C:\\Users\\Akash Pathak\\Documents\\Codex\\2026-09-16\\i-x20\\node_modules\\@esbuild\\android-arm'
781 silly reify ]
782 verbose reify failed optional dependency C:\Users\Akash Pathak\Documents\Codex\2026-09-16\i-x20\node_modules\@esbuild\aix-ppc64
783 silly reify mark deleted [
783 silly reify   'C:\\Users\\Akash Pathak\\Documents\\Codex\\2026-09-16\\i-x20\\node_modules\\@esbuild\\aix-ppc64'
783 silly reify ]
784 verbose reify failed optional dependency C:\Users\Akash Pathak\Documents\Codex\2026-09-16\i-x20\node_modules\fsevents
785 silly reify mark deleted [
785 silly reify   'C:\\Users\\Akash Pathak\\Documents\\Codex\\2026-09-16\\i-x20\\node_modules\\fsevents'
785 silly reify ]
786 http cache @types/estree@https://registry.npmjs.org/@types/estree/-/estree-1.0.9.tgz 0ms (cache hit)
787 http cache @rollup/rollup-win32-x64-msvc@https://registry.npmjs.org/@rollup/rollup-win32-x64-msvc/-/rollup-win32-x64-msvc-4.63.3.tgz 0ms (cache hit)
788 http cache source-map-js@https://registry.npmjs.org/source-map-js/-/source-map-js-1.2.1.tgz 0ms (cache hit)
789 http cache @rollup/rollup-win32-x64-gnu@https://registry.npmjs.org/@rollup/rollup-win32-x64-gnu/-/rollup-win32-x64-gnu-4.63.3.tgz 0ms (cache hit)
790 http cache @esbuild/win32-x64@https://registry.npmjs.org/@esbuild/win32-x64/-/win32-x64-0.28.2.tgz 0ms (cache hit)
791 http cache nanoid@https://registry.npmjs.org/nanoid/-/nanoid-3.3.19.tgz 0ms (cache hit)
792 http cache postcss@https://registry.npmjs.org/postcss/-/postcss-8.5.28.tgz 0ms (cache hit)
793 http cache rollup@https://registry.npmjs.org/rollup/-/rollup-4.63.3.tgz 0ms (cache hit)
794 http cache tinyglobby@https://registry.npmjs.org/tinyglobby/-/tinyglobby-0.2.17.tgz 0ms (cache hit)
795 http cache picomatch@https://registry.npmjs.org/picomatch/-/picomatch-4.0.7.tgz 0ms (cache hit)
796 http cache esbuild@https://registry.npmjs.org/esbuild/-/esbuild-0.28.2.tgz 0ms (cache hit)
797 http cache escalade@https://registry.npmjs.org/escalade/-/escalade-3.2.0.tgz 0ms (cache hit)
798 http cache fdir@https://registry.npmjs.org/fdir/-/fdir-6.5.0.tgz 0ms (cache hit)
799 http cache yallist@https://registry.npmjs.org/yallist/-/yallist-3.1.1.tgz 0ms (cache hit)
800 http cache ms@https://registry.npmjs.org/ms/-/ms-2.1.3.tgz 0ms (cache hit)
801 http cache node-releases@https://registry.npmjs.org/node-releases/-/node-releases-2.0.55.tgz 0ms (cache hit)
802 http cache scheduler@https://registry.npmjs.org/scheduler/-/scheduler-0.28.0.tgz 0ms (cache hit)
803 http cache @types/babel__traverse@https://registry.npmjs.org/@types/babel__traverse/-/babel__traverse-7.28.0.tgz 0ms (cache hit)
804 http cache baseline-browser-mapping@https://registry.npmjs.org/baseline-browser-mapping/-/baseline-browser-mapping-2.11.24.tgz 0ms (cache hit)
805 http cache @types/babel__template@https://registry.npmjs.org/@types/babel__template/-/babel__template-7.4.4.tgz 0ms (cache hit)
806 http cache @types/babel__generator@https://registry.npmjs.org/@types/babel__generator/-/babel__generator-7.27.0.tgz 0ms (cache hit)
807 http cache caniuse-lite@https://registry.npmjs.org/caniuse-lite/-/caniuse-lite-1.0.30001810.tgz 0ms (cache hit)
808 http cache update-browserslist-db@https://registry.npmjs.org/update-browserslist-db/-/update-browserslist-db-1.3.3.tgz 0ms (cache hit)
809 http cache @jridgewell/sourcemap-codec@https://registry.npmjs.org/@jridgewell/sourcemap-codec/-/sourcemap-codec-1.6.0.tgz 0ms (cache hit)
810 http cache @jridgewell/resolve-uri@https://registry.npmjs.org/@jridgewell/resolve-uri/-/resolve-uri-3.1.2.tgz 0ms (cache hit)
811 http cache electron-to-chromium@https://registry.npmjs.org/electron-to-chromium/-/electron-to-chromium-1.5.430.tgz 0ms (cache hit)
812 http cache @babel/helper-string-parser@https://registry.npmjs.org/@babel/helper-string-parser/-/helper-string-parser-7.29.7.tgz 0ms (cache hit)
813 http cache browserslist@https://registry.npmjs.org/browserslist/-/browserslist-4.29.0.tgz 0ms (cache hit)
814 http cache lru-cache@https://registry.npmjs.org/lru-cache/-/lru-cache-5.1.1.tgz 0ms (cache hit)
815 http cache @babel/helper-globals@https://registry.npmjs.org/@babel/helper-globals/-/helper-globals-7.29.7.tgz 0ms (cache hit)
816 http cache @babel/helper-plugin-utils@https://registry.npmjs.org/@babel/helper-plugin-utils/-/helper-plugin-utils-7.29.7.tgz 0ms (cache hit)
817 http cache @babel/helper-module-imports@https://registry.npmjs.org/@babel/helper-module-imports/-/helper-module-imports-7.29.7.tgz 0ms (cache hit)
818 http cache @jridgewell/trace-mapping@https://registry.npmjs.org/@jridgewell/trace-mapping/-/trace-mapping-0.3.31.tgz 0ms (cache hit)
819 http cache jsesc@https://registry.npmjs.org/jsesc/-/jsesc-3.1.0.tgz 0ms (cache hit)
820 http cache @babel/helper-validator-option@https://registry.npmjs.org/@babel/helper-validator-option/-/helper-validator-option-7.29.7.tgz 0ms (cache hit)
821 http cache @babel/compat-data@https://registry.npmjs.org/@babel/compat-data/-/compat-data-7.29.7.tgz 0ms (cache hit)
822 http cache @jridgewell/gen-mapping@https://registry.npmjs.org/@jridgewell/gen-mapping/-/gen-mapping-0.3.13.tgz 0ms (cache hit)
823 http cache @babel/helper-validator-identifier@https://registry.npmjs.org/@babel/helper-validator-identifier/-/helper-validator-identifier-7.29.7.tgz 0ms (cache hit)
824 http cache picocolors@https://registry.npmjs.org/picocolors/-/picocolors-1.1.1.tgz 0ms (cache hit)
825 http cache js-tokens@https://registry.npmjs.org/js-tokens/-/js-tokens-4.0.0.tgz 0ms (cache hit)
826 http cache @jridgewell/remapping@https://registry.npmjs.org/@jridgewell/remapping/-/remapping-2.3.5.tgz 0ms (cache hit)
827 http cache semver@https://registry.npmjs.org/semver/-/semver-6.3.1.tgz 0ms (cache hit)
828 http cache json5@https://registry.npmjs.org/json5/-/json5-2.2.3.tgz 0ms (cache hit)
829 http cache gensync@https://registry.npmjs.org/gensync/-/gensync-1.0.0-beta.2.tgz 0ms (cache hit)
830 http cache debug@https://registry.npmjs.org/debug/-/debug-4.4.3.tgz 0ms (cache hit)
831 http cache convert-source-map@https://registry.npmjs.org/convert-source-map/-/convert-source-map-2.0.0.tgz 0ms (cache hit)
832 http cache @babel/traverse@https://registry.npmjs.org/@babel/traverse/-/traverse-7.29.8.tgz 0ms (cache hit)
833 http cache @babel/types@https://registry.npmjs.org/@babel/types/-/types-7.29.8.tgz 0ms (cache hit)
834 http cache @babel/template@https://registry.npmjs.org/@babel/template/-/template-7.29.7.tgz 0ms (cache hit)
835 http cache @babel/parser@https://registry.npmjs.org/@babel/parser/-/parser-7.29.8.tgz 0ms (cache hit)
836 http cache @babel/helper-module-transforms@https://registry.npmjs.org/@babel/helper-module-transforms/-/helper-module-transforms-7.29.7.tgz 0ms (cache hit)
837 http cache react-refresh@https://registry.npmjs.org/react-refresh/-/react-refresh-0.18.0.tgz 0ms (cache hit)
838 http cache @babel/helpers@https://registry.npmjs.org/@babel/helpers/-/helpers-7.29.7.tgz 0ms (cache hit)
839 http cache @types/babel__core@https://registry.npmjs.org/@types/babel__core/-/babel__core-7.20.5.tgz 0ms (cache hit)
840 http cache @babel/helper-compilation-targets@https://registry.npmjs.org/@babel/helper-compilation-targets/-/helper-compilation-targets-7.29.7.tgz 0ms (cache hit)
841 http cache @babel/generator@https://registry.npmjs.org/@babel/generator/-/generator-7.29.8.tgz 0ms (cache hit)
842 http cache @babel/code-frame@https://registry.npmjs.org/@babel/code-frame/-/code-frame-7.29.7.tgz 0ms (cache hit)
843 http cache @rolldown/pluginutils@https://registry.npmjs.org/@rolldown/pluginutils/-/pluginutils-1.0.0-rc.3.tgz 0ms (cache hit)
844 http cache react@https://registry.npmjs.org/react/-/react-19.3.0.tgz 0ms (cache hit)
845 http cache @babel/core@https://registry.npmjs.org/@babel/core/-/core-7.29.7.tgz 0ms (cache hit)
846 http cache @babel/plugin-transform-react-jsx-source@https://registry.npmjs.org/@babel/plugin-transform-react-jsx-source/-/plugin-transform-react-jsx-source-7.29.7.tgz 0ms (cache hit)
847 http cache @babel/plugin-transform-react-jsx-self@https://registry.npmjs.org/@babel/plugin-transform-react-jsx-self/-/plugin-transform-react-jsx-self-7.29.7.tgz 0ms (cache hit)
848 silly tarball no local data for @types/estree@https://registry.npmjs.org/@types/estree/-/estree-1.0.9.tgz. Extracting by manifest.
849 silly tarball no local data for @rollup/rollup-win32-x64-msvc@https://registry.npmjs.org/@rollup/rollup-win32-x64-msvc/-/rollup-win32-x64-msvc-4.63.3.tgz. Extracting by manifest.
850 silly tarball no local data for source-map-js@https://registry.npmjs.org/source-map-js/-/source-map-js-1.2.1.tgz. Extracting by manifest.
851 silly tarball no local data for @rollup/rollup-win32-x64-gnu@https://registry.npmjs.org/@rollup/rollup-win32-x64-gnu/-/rollup-win32-x64-gnu-4.63.3.tgz. Extracting by manifest.
852 silly tarball no local data for @esbuild/win32-x64@https://registry.npmjs.org/@esbuild/win32-x64/-/win32-x64-0.28.2.tgz. Extracting by manifest.
853 http cache react-dom@https://registry.npmjs.org/react-dom/-/react-dom-19.3.0.tgz 0ms (cache hit)
854 silly tarball no local data for nanoid@https://registry.npmjs.org/nanoid/-/nanoid-3.3.19.tgz. Extracting by manifest.
855 silly tarball no local data for postcss@https://registry.npmjs.org/postcss/-/postcss-8.5.28.tgz. Extracting by manifest.
856 silly tarball no local data for rollup@https://registry.npmjs.org/rollup/-/rollup-4.63.3.tgz. Extracting by manifest.
857 silly tarball no local data for tinyglobby@https://registry.npmjs.org/tinyglobby/-/tinyglobby-0.2.17.tgz. Extracting by manifest.
858 http cache @vitejs/plugin-react@https://registry.npmjs.org/@vitejs/plugin-react/-/plugin-react-5.2.0.tgz 0ms (cache hit)
859 silly tarball no local data for picomatch@https://registry.npmjs.org/picomatch/-/picomatch-4.0.7.tgz. Extracting by manifest.
860 http cache vite@https://registry.npmjs.org/vite/-/vite-7.3.6.tgz 0ms (cache hit)
861 silly tarball no local data for esbuild@https://registry.npmjs.org/esbuild/-/esbuild-0.28.2.tgz. Extracting by manifest.
862 silly tarball no local data for escalade@https://registry.npmjs.org/escalade/-/escalade-3.2.0.tgz. Extracting by manifest.
863 silly tarball no local data for fdir@https://registry.npmjs.org/fdir/-/fdir-6.5.0.tgz. Extracting by manifest.
864 silly tarball no local data for yallist@https://registry.npmjs.org/yallist/-/yallist-3.1.1.tgz. Extracting by manifest.
865 silly tarball no local data for ms@https://registry.npmjs.org/ms/-/ms-2.1.3.tgz. Extracting by manifest.
866 silly tarball no local data for node-releases@https://registry.npmjs.org/node-releases/-/node-releases-2.0.55.tgz. Extracting by manifest.
867 silly tarball no local data for scheduler@https://registry.npmjs.org/scheduler/-/scheduler-0.28.0.tgz. Extracting by manifest.
868 silly tarball no local data for @types/babel__traverse@https://registry.npmjs.org/@types/babel__traverse/-/babel__traverse-7.28.0.tgz. Extracting by manifest.
869 silly tarball no local data for baseline-browser-mapping@https://registry.npmjs.org/baseline-browser-mapping/-/baseline-browser-mapping-2.11.24.tgz. Extracting by manifest.
870 silly tarball no local data for @types/babel__template@https://registry.npmjs.org/@types/babel__template/-/babel__template-7.4.4.tgz. Extracting by manifest.
871 silly tarball no local data for @types/babel__generator@https://registry.npmjs.org/@types/babel__generator/-/babel__generator-7.27.0.tgz. Extracting by manifest.
872 silly tarball no local data for caniuse-lite@https://registry.npmjs.org/caniuse-lite/-/caniuse-lite-1.0.30001810.tgz. Extracting by manifest.
873 silly tarball no local data for @jridgewell/sourcemap-codec@https://registry.npmjs.org/@jridgewell/sourcemap-codec/-/sourcemap-codec-1.6.0.tgz. Extracting by manifest.
874 silly tarball no local data for update-browserslist-db@https://registry.npmjs.org/update-browserslist-db/-/update-browserslist-db-1.3.3.tgz. Extracting by manifest.
875 silly tarball no local data for @jridgewell/resolve-uri@https://registry.npmjs.org/@jridgewell/resolve-uri/-/resolve-uri-3.1.2.tgz. Extracting by manifest.
876 silly tarball no local data for electron-to-chromium@https://registry.npmjs.org/electron-to-chromium/-/electron-to-chromium-1.5.430.tgz. Extracting by manifest.
877 silly tarball no local data for @babel/helper-string-parser@https://registry.npmjs.org/@babel/helper-string-parser/-/helper-string-parser-7.29.7.tgz. Extracting by manifest.
878 silly tarball no local data for browserslist@https://registry.npmjs.org/browserslist/-/browserslist-4.29.0.tgz. Extracting by manifest.
879 silly tarball no local data for lru-cache@https://registry.npmjs.org/lru-cache/-/lru-cache-5.1.1.tgz. Extracting by manifest.
880 silly tarball no local data for @babel/helper-globals@https://registry.npmjs.org/@babel/helper-globals/-/helper-globals-7.29.7.tgz. Extracting by manifest.
881 silly tarball no local data for @babel/helper-plugin-utils@https://registry.npmjs.org/@babel/helper-plugin-utils/-/helper-plugin-utils-7.29.7.tgz. Extracting by manifest.
882 silly tarball no local data for @babel/helper-module-imports@https://registry.npmjs.org/@babel/helper-module-imports/-/helper-module-imports-7.29.7.tgz. Extracting by manifest.
883 silly tarball no local data for @jridgewell/trace-mapping@https://registry.npmjs.org/@jridgewell/trace-mapping/-/trace-mapping-0.3.31.tgz. Extracting by manifest.
884 silly tarball no local data for jsesc@https://registry.npmjs.org/jsesc/-/jsesc-3.1.0.tgz. Extracting by manifest.
885 silly tarball no local data for @babel/helper-validator-option@https://registry.npmjs.org/@babel/helper-validator-option/-/helper-validator-option-7.29.7.tgz. Extracting by manifest.
886 silly tarball no local data for @babel/compat-data@https://registry.npmjs.org/@babel/compat-data/-/compat-data-7.29.7.tgz. Extracting by manifest.
887 silly tarball no local data for @jridgewell/gen-mapping@https://registry.npmjs.org/@jridgewell/gen-mapping/-/gen-mapping-0.3.13.tgz. Extracting by manifest.
888 silly tarball no local data for @babel/helper-validator-identifier@https://registry.npmjs.org/@babel/helper-validator-identifier/-/helper-validator-identifier-7.29.7.tgz. Extracting by manifest.
889 silly tarball no local data for picocolors@https://registry.npmjs.org/picocolors/-/picocolors-1.1.1.tgz. Extracting by manifest.
890 silly tarball no local data for js-tokens@https://registry.npmjs.org/js-tokens/-/js-tokens-4.0.0.tgz. Extracting by manifest.
891 silly tarball no local data for @jridgewell/remapping@https://registry.npmjs.org/@jridgewell/remapping/-/remapping-2.3.5.tgz. Extracting by manifest.
892 silly tarball no local data for semver@https://registry.npmjs.org/semver/-/semver-6.3.1.tgz. Extracting by manifest.
893 silly tarball no local data for json5@https://registry.npmjs.org/json5/-/json5-2.2.3.tgz. Extracting by manifest.
894 silly tarball no local data for gensync@https://registry.npmjs.org/gensync/-/gensync-1.0.0-beta.2.tgz. Extracting by manifest.
895 silly tarball no local data for debug@https://registry.npmjs.org/debug/-/debug-4.4.3.tgz. Extracting by manifest.
896 silly tarball no local data for convert-source-map@https://registry.npmjs.org/convert-source-map/-/convert-source-map-2.0.0.tgz. Extracting by manifest.
897 silly tarball no local data for @babel/traverse@https://registry.npmjs.org/@babel/traverse/-/traverse-7.29.8.tgz. Extracting by manifest.
898 silly tarball no local data for @babel/types@https://registry.npmjs.org/@babel/types/-/types-7.29.8.tgz. Extracting by manifest.
899 silly tarball no local data for @babel/template@https://registry.npmjs.org/@babel/template/-/template-7.29.7.tgz. Extracting by manifest.
900 silly tarball no local data for @babel/parser@https://registry.npmjs.org/@babel/parser/-/parser-7.29.8.tgz. Extracting by manifest.
901 silly tarball no local data for @babel/helper-module-transforms@https://registry.npmjs.org/@babel/helper-module-transforms/-/helper-module-transforms-7.29.7.tgz. Extracting by manifest.
902 silly tarball no local data for react-refresh@https://registry.npmjs.org/react-refresh/-/react-refresh-0.18.0.tgz. Extracting by manifest.
903 silly tarball no local data for @babel/helpers@https://registry.npmjs.org/@babel/helpers/-/helpers-7.29.7.tgz. Extracting by manifest.
904 silly tarball no local data for @types/babel__core@https://registry.npmjs.org/@types/babel__core/-/babel__core-7.20.5.tgz. Extracting by manifest.
905 silly tarball no local data for @babel/generator@https://registry.npmjs.org/@babel/generator/-/generator-7.29.8.tgz. Extracting by manifest.
906 silly tarball no local data for @babel/helper-compilation-targets@https://registry.npmjs.org/@babel/helper-compilation-targets/-/helper-compilation-targets-7.29.7.tgz. Extracting by manifest.
907 silly tarball no local data for @babel/code-frame@https://registry.npmjs.org/@babel/code-frame/-/code-frame-7.29.7.tgz. Extracting by manifest.
908 silly tarball no local data for @rolldown/pluginutils@https://registry.npmjs.org/@rolldown/pluginutils/-/pluginutils-1.0.0-rc.3.tgz. Extracting by manifest.
909 silly tarball no local data for react@https://registry.npmjs.org/react/-/react-19.3.0.tgz. Extracting by manifest.
910 silly tarball no local data for @babel/core@https://registry.npmjs.org/@babel/core/-/core-7.29.7.tgz. Extracting by manifest.
911 silly tarball no local data for @babel/plugin-transform-react-jsx-source@https://registry.npmjs.org/@babel/plugin-transform-react-jsx-source/-/plugin-transform-react-jsx-source-7.29.7.tgz. Extracting by manifest.
912 silly tarball no local data for @babel/plugin-transform-react-jsx-self@https://registry.npmjs.org/@babel/plugin-transform-react-jsx-self/-/plugin-transform-react-jsx-self-7.29.7.tgz. Extracting by manifest.
913 silly tarball no local data for react-dom@https://registry.npmjs.org/react-dom/-/react-dom-19.3.0.tgz. Extracting by manifest.
914 silly tarball no local data for @vitejs/plugin-react@https://registry.npmjs.org/@vitejs/plugin-react/-/plugin-react-5.2.0.tgz. Extracting by manifest.
915 silly tarball no local data for vite@https://registry.npmjs.org/vite/-/vite-7.3.6.tgz. Extracting by manifest.
916 http fetch POST 200 https://registry.npmjs.org/-/npm/v1/security/advisories/bulk 340ms
917 silly audit report {}
918 http fetch GET 200 https://registry.npmjs.org/node-releases/-/node-releases-2.0.55.tgz 310ms (cache miss)
919 http fetch GET 200 https://registry.npmjs.org/@types/estree/-/estree-1.0.9.tgz 340ms (cache miss)
920 http fetch GET 200 https://registry.npmjs.org/nanoid/-/nanoid-3.3.19.tgz 369ms (cache miss)
921 http fetch GET 200 https://registry.npmjs.org/ms/-/ms-2.1.3.tgz 364ms (cache miss)
922 http fetch GET 200 https://registry.npmjs.org/scheduler/-/scheduler-0.28.0.tgz 427ms (cache miss)
923 http fetch GET 200 https://registry.npmjs.org/@types/babel__template/-/babel__template-7.4.4.tgz 442ms (cache miss)
924 http fetch GET 200 https://registry.npmjs.org/update-browserslist-db/-/update-browserslist-db-1.3.3.tgz 450ms (cache miss)
925 http fetch GET 200 https://registry.npmjs.org/@types/babel__traverse/-/babel__traverse-7.28.0.tgz 455ms (cache miss)
926 http fetch GET 200 https://registry.npmjs.org/lru-cache/-/lru-cache-5.1.1.tgz 455ms (cache miss)
927 http fetch GET 200 https://registry.npmjs.org/@types/babel__generator/-/babel__generator-7.27.0.tgz 460ms (cache miss)
928 http fetch GET 200 https://registry.npmjs.org/yallist/-/yallist-3.1.1.tgz 492ms (cache miss)
929 http fetch GET 200 https://registry.npmjs.org/tinyglobby/-/tinyglobby-0.2.17.tgz 496ms (cache miss)
930 http fetch GET 200 https://registry.npmjs.org/js-tokens/-/js-tokens-4.0.0.tgz 496ms (cache miss)
931 http fetch GET 200 https://registry.npmjs.org/@babel/helper-string-parser/-/helper-string-parser-7.29.7.tgz 505ms (cache miss)
932 http fetch GET 200 https://registry.npmjs.org/@jridgewell/remapping/-/remapping-2.3.5.tgz 515ms (cache miss)
933 http fetch GET 200 https://registry.npmjs.org/convert-source-map/-/convert-source-map-2.0.0.tgz 517ms (cache miss)
934 http fetch GET 200 https://registry.npmjs.org/@babel/helper-globals/-/helper-globals-7.29.7.tgz 536ms (cache miss)
935 http fetch GET 200 https://registry.npmjs.org/@types/babel__core/-/babel__core-7.20.5.tgz 544ms (cache miss)
936 http fetch GET 200 https://registry.npmjs.org/jsesc/-/jsesc-3.1.0.tgz 554ms (cache miss)
937 http fetch GET 200 https://registry.npmjs.org/picocolors/-/picocolors-1.1.1.tgz 556ms (cache miss)
938 http fetch GET 200 https://registry.npmjs.org/@babel/helper-compilation-targets/-/helper-compilation-targets-7.29.7.tgz 557ms (cache miss)
939 http fetch GET 200 https://registry.npmjs.org/@babel/code-frame/-/code-frame-7.29.7.tgz 557ms (cache miss)
940 http fetch GET 200 https://registry.npmjs.org/semver/-/semver-6.3.1.tgz 575ms (cache miss)
941 http fetch GET 200 https://registry.npmjs.org/fdir/-/fdir-6.5.0.tgz 592ms (cache miss)
942 http fetch GET 200 https://registry.npmjs.org/@jridgewell/resolve-uri/-/resolve-uri-3.1.2.tgz 587ms (cache miss)
943 http fetch GET 200 https://registry.npmjs.org/picomatch/-/picomatch-4.0.7.tgz 604ms (cache miss)
944 http fetch GET 200 https://registry.npmjs.org/debug/-/debug-4.4.3.tgz 592ms (cache miss)
945 http fetch GET 200 https://registry.npmjs.org/gensync/-/gensync-1.0.0-beta.2.tgz 596ms (cache miss)
946 http fetch GET 200 https://registry.npmjs.org/baseline-browser-mapping/-/baseline-browser-mapping-2.11.24.tgz 621ms (cache miss)
947 http fetch GET 200 https://registry.npmjs.org/@babel/helper-validator-option/-/helper-validator-option-7.29.7.tgz 618ms (cache miss)
948 http fetch GET 200 https://registry.npmjs.org/@babel/helper-plugin-utils/-/helper-plugin-utils-7.29.7.tgz 621ms (cache miss)
949 http fetch GET 200 https://registry.npmjs.org/@babel/helper-validator-identifier/-/helper-validator-identifier-7.29.7.tgz 620ms (cache miss)
950 http fetch GET 200 https://registry.npmjs.org/escalade/-/escalade-3.2.0.tgz 644ms (cache miss)
951 http fetch GET 200 https://registry.npmjs.org/browserslist/-/browserslist-4.29.0.tgz 642ms (cache miss)
952 http fetch GET 200 https://registry.npmjs.org/@babel/helper-module-imports/-/helper-module-imports-7.29.7.tgz 656ms (cache miss)
953 http fetch GET 200 https://registry.npmjs.org/electron-to-chromium/-/electron-to-chromium-1.5.430.tgz 688ms (cache miss)
954 http fetch GET 200 https://registry.npmjs.org/esbuild/-/esbuild-0.28.2.tgz 713ms (cache miss)
955 http fetch GET 200 https://registry.npmjs.org/source-map-js/-/source-map-js-1.2.1.tgz 730ms (cache miss)
956 http fetch GET 200 https://registry.npmjs.org/@babel/compat-data/-/compat-data-7.29.7.tgz 715ms (cache miss)
957 http fetch GET 200 https://registry.npmjs.org/react-refresh/-/react-refresh-0.18.0.tgz 717ms (cache miss)
958 http fetch GET 200 https://registry.npmjs.org/@rolldown/pluginutils/-/pluginutils-1.0.0-rc.3.tgz 721ms (cache miss)
959 http fetch GET 200 https://registry.npmjs.org/@babel/template/-/template-7.29.7.tgz 766ms (cache miss)
960 http fetch GET 200 https://registry.npmjs.org/json5/-/json5-2.2.3.tgz 779ms (cache miss)
961 http fetch GET 200 https://registry.npmjs.org/react/-/react-19.3.0.tgz 847ms (cache miss)
962 http fetch GET 200 https://registry.npmjs.org/@jridgewell/sourcemap-codec/-/sourcemap-codec-1.6.0.tgz 864ms (cache miss)
963 http fetch GET 200 https://registry.npmjs.org/@jridgewell/gen-mapping/-/gen-mapping-0.3.13.tgz 882ms (cache miss)
964 http fetch GET 200 https://registry.npmjs.org/@rollup/rollup-win32-x64-gnu/-/rollup-win32-x64-gnu-4.63.3.tgz 931ms (cache miss)
965 http fetch GET 200 https://registry.npmjs.org/@babel/parser/-/parser-7.29.8.tgz 937ms (cache miss)
966 http fetch GET 200 https://registry.npmjs.org/@rollup/rollup-win32-x64-msvc/-/rollup-win32-x64-msvc-4.63.3.tgz 976ms (cache miss)
967 http fetch GET 200 https://registry.npmjs.org/@jridgewell/trace-mapping/-/trace-mapping-0.3.31.tgz 1015ms (cache miss)
968 http fetch GET 200 https://registry.npmjs.org/postcss/-/postcss-8.5.28.tgz 1028ms (cache miss)
969 http fetch GET 200 https://registry.npmjs.org/rollup/-/rollup-4.63.3.tgz 1081ms (cache miss)
970 http fetch GET 200 https://registry.npmjs.org/vite/-/vite-7.3.6.tgz 1083ms (cache miss)
971 http fetch GET 200 https://registry.npmjs.org/@babel/plugin-transform-react-jsx-source/-/plugin-transform-react-jsx-source-7.29.7.tgz 1297ms (cache miss)
972 http fetch GET 200 https://registry.npmjs.org/@vitejs/plugin-react/-/plugin-react-5.2.0.tgz 1302ms (cache miss)
973 http fetch GET 200 https://registry.npmjs.org/@babel/helper-module-transforms/-/helper-module-transforms-7.29.7.tgz 1334ms (cache miss)
974 http fetch GET 200 https://registry.npmjs.org/@babel/generator/-/generator-7.29.8.tgz 1414ms (cache miss)
975 http fetch GET 200 https://registry.npmjs.org/@babel/types/-/types-7.29.8.tgz 1565ms (cache miss)
976 http fetch GET 200 https://registry.npmjs.org/@babel/plugin-transform-react-jsx-self/-/plugin-transform-react-jsx-self-7.29.7.tgz 2096ms (cache miss)
977 http fetch GET 200 https://registry.npmjs.org/@babel/traverse/-/traverse-7.29.8.tgz 2144ms (cache miss)
978 http fetch GET 200 https://registry.npmjs.org/@esbuild/win32-x64/-/win32-x64-0.28.2.tgz 2416ms (cache miss)
979 http fetch GET 200 https://registry.npmjs.org/@babel/core/-/core-7.29.7.tgz 2427ms (cache miss)
980 http fetch GET 200 https://registry.npmjs.org/@babel/helpers/-/helpers-7.29.7.tgz 2655ms (cache miss)
981 http fetch GET 200 https://registry.npmjs.org/caniuse-lite/-/caniuse-lite-1.0.30001810.tgz 2718ms (cache miss)
982 http fetch GET 200 https://registry.npmjs.org/react-dom/-/react-dom-19.3.0.tgz 3374ms (cache miss)
983 info run esbuild@0.28.2 postinstall node_modules/esbuild node install.js
984 info run esbuild@0.28.2 postinstall { code: 0, signal: null }
985 silly ADD node_modules/@types/estree
986 silly ADD node_modules/@rollup/rollup-win32-x64-msvc
987 silly ADD node_modules/@rollup/rollup-win32-x64-gnu
988 silly ADD
989 silly ADD
990 silly ADD
991 silly ADD
992 silly ADD
993 silly ADD
994 silly ADD
995 silly ADD
996 silly ADD
997 silly ADD
998 silly ADD
999 silly ADD
1000 silly ADD
1001 silly ADD
1002 silly ADD
1003 silly ADD
1004 silly ADD
1005 silly ADD
1006 silly ADD
1007 silly ADD
1008 silly ADD
1009 silly ADD
1010 silly ADD
1011 silly ADD
1012 silly ADD node_modules/source-map-js
1013 silly ADD node_modules/nanoid
1014 silly ADD node_modules/@esbuild/win32-x64
1015 silly ADD
1016 silly ADD
1017 silly ADD
1018 silly ADD
1019 silly ADD
1020 silly ADD
1021 silly ADD
1022 silly ADD
1023 silly ADD
1024 silly ADD
1025 silly ADD
1026 silly ADD
1027 silly ADD
1028 silly ADD
1029 silly ADD
1030 silly ADD
1031 silly ADD
1032 silly ADD
1033 silly ADD
1034 silly ADD
1035 silly ADD
1036 silly ADD
1037 silly ADD
1038 silly ADD
1039 silly ADD
1040 silly ADD node_modules/tinyglobby
1041 silly ADD node_modules/rollup
1042 silly ADD node_modules/postcss
1043 silly ADD node_modules/picomatch
1044 silly ADD
1045 silly ADD node_modules/fdir
1046 silly ADD node_modules/esbuild
1047 silly ADD node_modules/escalade
1048 silly ADD node_modules/scheduler
1049 silly ADD node_modules/yallist
1050 silly ADD node_modules/ms
1051 silly ADD node_modules/update-browserslist-db
1052 silly ADD node_modules/node-releases
1053 silly ADD node_modules/electron-to-chromium
1054 silly ADD node_modules/caniuse-lite
1055 silly ADD node_modules/baseline-browser-mapping
1056 silly ADD node_modules/@types/babel__traverse
1057 silly ADD node_modules/@types/babel__template
1058 silly ADD node_modules/@types/babel__generator
1059 silly ADD node_modules/@jridgewell/resolve-uri
1060 silly ADD node_modules/@jridgewell/sourcemap-codec
1061 silly ADD node_modules/@babel/helper-string-parser
1062 silly ADD node_modules/@babel/helper-globals
1063 silly ADD node_modules/@babel/helper-plugin-utils
1064 silly ADD node_modules/@babel/helper-module-imports
1065 silly ADD node_modules/lru-cache
1066 silly ADD node_modules/browserslist
1067 silly ADD node_modules/@babel/helper-validator-option
1068 silly ADD node_modules/@babel/compat-data
1069 silly ADD node_modules/jsesc
1070 silly ADD node_modules/@jridgewell/trace-mapping
1071 silly ADD node_modules/@jridgewell/gen-mapping
1072 silly ADD node_modules/picocolors
1073 silly ADD node_modules/js-tokens
1074 silly ADD node_modules/@babel/helper-validator-identifier
1075 silly ADD node_modules/semver
1076 silly ADD node_modules/json5
1077 silly ADD node_modules/gensync
1078 silly ADD node_modules/debug
1079 silly ADD node_modules/convert-source-map
1080 silly ADD node_modules/@jridgewell/remapping
1081 silly ADD node_modules/@babel/types
1082 silly ADD node_modules/@babel/traverse
1083 silly ADD node_modules/@babel/template
1084 silly ADD node_modules/@babel/parser
1085 silly ADD node_modules/@babel/helpers
1086 silly ADD node_modules/@babel/helper-module-transforms
1087 silly ADD node_modules/@babel/helper-compilation-targets
1088 silly ADD node_modules/@babel/generator
1089 silly ADD node_modules/@babel/code-frame
1090 silly ADD node_modules/react-refresh
1091 silly ADD node_modules/@types/babel__core
1092 silly ADD node_modules/@rolldown/pluginutils
1093 silly ADD node_modules/@babel/plugin-transform-react-jsx-source
1094 silly ADD node_modules/@babel/plugin-transform-react-jsx-self
1095 silly ADD node_modules/@babel/core
1096 silly ADD node_modules/react-dom
1097 silly ADD node_modules/react
1098 silly ADD node_modules/vite
1099 silly ADD node_modules/@vitejs/plugin-react
1100 verbose cwd C:\Users\Akash Pathak\Documents\Codex\2026-09-16\i-x20
1101 verbose os Windows_NT 10.0.26200
1102 verbose node v22.16.0
1103 verbose npm  v10.9.2
1104 notice
1104 notice New major version of npm available! 10.9.2 -> 12.0.2
1104 notice Changelog: https://github.com/npm/cli/releases/tag/v12.0.2
1104 notice To update run: npm install -g npm@12.0.2
1104 notice  { force: true, [Symbol(proc-log.meta)]: true }
1105 verbose exit 0
1106 info ok
